<?xml version="1.0" encoding="UTF-8"?>
<SPDXLicenseCollection xmlns="http://www.spdx.org/license">
   <exception licenseId="Bootloader-exception" name="Bootloader Distribution Exception">
      <crossRefs>
         <crossRef>https://github.com/pyinstaller/pyinstaller/blob/develop/COPYING.txt</crossRef>
      </crossRefs>
    <text>
      <titleText>
         <p>Bootloader Exception<alt match="-*" name="titleUnderline"/></p>
      </titleText>
<p>In addition to the permissions in the GNU General Public License, the
authors give you unlimited permission to link or embed compiled bootloader
and related files into combinations with other programs, and to distribute
those combinations without any restriction coming from the use of those
files. (The General Public License restrictions do apply in other respects;
for example, they cover modification of the files, and distribution when
not linked into a <alt name="combined" match="combined|combine">combined</alt> executable.)</p>
    </text>
  </exception>
</SPDXLicenseCollection>
