<?xml version="1.0" encoding="UTF-8"?>
<SPDXLicenseCollection xmlns="http://www.spdx.org/license">
   <exception licenseId="eCos-exception-2.0" name="eCos exception 2.0">
      <crossRefs>
         <crossRef>http://ecos.sourceware.org/license-overview.html</crossRef>
      </crossRefs>
      <notes>Typically used with GPL-2.0. Similar to Macro and Inlines Functions Exception
</notes>
    <text>
      <p>As a special exception, if other files instantiate templates or
         use macros or inline functions from this file, or you compile
         this file and link it with other works to produce a work based
         on this file, this file does not by itself cause the resulting
         work to be covered by the GNU General Public License. However
         the source code for this file must still be made available in
         accordance with section (3) of the GNU General Public
         License.</p>
      <p>This exception does not invalidate any other reasons why a work
         based on this file might be covered by the GNU General Public
         License.</p>
    </text>
  </exception>
</SPDXLicenseCollection>