<?xml version="1.0" encoding="UTF-8"?>
<SPDXLicenseCollection xmlns="http://www.spdx.org/license">
   <exception licenseId="i2p-gpl-java-exception" name="i2p GPL+Java Exception">
      <crossRefs>
         <crossRef>http://geti2p.net/en/get-involved/develop/licenses#java_exception</crossRef>
      </crossRefs>
      <notes>Typically used with GPL-2.0+</notes>
    <text>
      <p>In addition, as a special exception, 
        <alt match=".+" name="licensor">XXXX</alt> gives permission to
        link the code of this program with the proprietary Java
        implementation provided by Sun (or other vendors as well), and
        distribute linked combinations including the two. You must obey
        the GNU General Public License in all respects for all of the
        code used other than the proprietary Java implementation. If you
        modify this file, you may extend this exception to your version
        of the file, but you are not obligated to do so. If you do not
        wish to do so, delete this exception statement from your
        version.
      </p>
    </text>
  </exception>
</SPDXLicenseCollection>