<?xml version="1.0" encoding="UTF-8"?>
<SPDXLicenseCollection xmlns="http://www.spdx.org/license">
   <exception licenseId="mif-exception" name="Macros and Inline Functions Exception">
      <crossRefs>
         <crossRef>http://www.scs.stanford.edu/histar/src/lib/cppsup/exception</crossRef>
         <crossRef>http://dev.bertos.org/doxygen/</crossRef>
         <crossRef>https://www.threadingbuildingblocks.org/licensing</crossRef>
      </crossRefs>
      <notes>Typically used with GPL-2.0 for older versions of GCC. This is similar to
         the eCos Exception.</notes>
    <text>
      <p>As a special exception, you may use this file as part of a free
         software library without restriction. Specifically, if other
         files instantiate templates or use macros or inline functions
         from this file, or you compile this file and link it with
         other files to produce an executable, this file does not by
         itself cause the resulting executable to be covered by the GNU
         General Public License. This exception does not however
         invalidate any other reasons why the executable file might be
         covered by the GNU General Public License.</p>
    </text>
  </exception>
</SPDXLicenseCollection>