<?xml version="1.0" encoding="UTF-8"?>
<SPDXLicenseCollection xmlns="http://www.spdx.org/license">
   <exception licenseId="Nokia-Qt-exception-1.1" name="Nokia Qt LGPL exception 1.1" isDeprecated="true" deprecatedVersion="3.1">
      <obsoletedBys>
         <obsoletedBy>Qt-LGPL-exception-1.1</obsoletedBy>
      </obsoletedBys>
      <crossRefs>
         <crossRef>https://www.keepassx.org/dev/projects/keepassx/repository/revisions/b8dfb9cc4d5133e0f09cd7533d15a4f1c19a40f2/entry/LICENSE.NOKIA-LGPL-EXCEPTION</crossRef>
      </crossRefs>
      <notes>DEPRECATED: Use Qt-LGPL-exception-1.1</notes>
    <text>
      <titleText>
         <p>Nokia Qt LGPL Exception version 1.1</p>
      </titleText>
      <p>As an additional permission to the GNU Lesser General Public
       License version 2.1, the object code form of a "work that
       uses the Library" may incorporate material from a header file
       that is part of the Library. You may distribute such object
       code under terms of your choice, provided that:</p>
      <list>
         <item>
            <bullet>(i)</bullet>
        the header files of the Library have not been modified; and
      </item>
         <item>
            <bullet>(ii)</bullet>
        the incorporated material is limited to numerical
           parameters, data structure layouts, accessors, macros,
           inline functions and templates; and
      </item>
         <item>
            <bullet>(iii)</bullet>
        you comply with the terms of Section 6 of the GNU Lesser
           General Public License version 2.1.
      </item>
      </list>
      <p>Moreover, you may apply this exception to a modified
       version of the Library, provided that such
       modification does not involve copying material from
       the Library into the modified Library's header files
       unless such material is limited to</p>
      <list>
         <item>
            <bullet>(i)</bullet>
        numerical parameters;
      </item>
         <item>
            <bullet>(ii)</bullet>
        data structure layouts;
      </item>
         <item>
            <bullet>(iii)</bullet>
        accessors; and
      </item>
         <item>
            <bullet>(iv)</bullet>
        small macros, templates and inline functions of five
           lines or less in length.
      </item>
      </list>
      <p>Furthermore, you are not required to apply this additional
       permission to a modified version of the Library.</p>
    </text>
  </exception>
</SPDXLicenseCollection>