<?xml version="1.0" encoding="UTF-8"?>
<SPDXLicenseCollection xmlns="http://www.spdx.org/license">
   <exception licenseId="WxWindows-exception-3.1" name="WxWindows Library Exception 3.1">
      <crossRefs>
         <crossRef>http://www.opensource.org/licenses/WXwindows</crossRef>
      </crossRefs>
      <notes>Typically used with GPL-2.0+
  </notes>
    <text>
      <p>EXCEPTION NOTICE</p>
      <list>
        <item>
            <bullet>1.</bullet>
          As a special exception, the copyright holders of this
             library give permission for additional uses of the
             text contained in this release of the library as
             licenced under the wxWindows Library Licence, applying
             either version 3.1 of the Licence, or (at your option)
             any later version of the Licence as published by the
             copyright holders of version 3.1 of the Licence
             document.
        </item>
        <item>
            <bullet>2.</bullet>
          The exception is that you may use, copy, link, modify and
             distribute under your own terms, binary object code
             versions of works based on the Library.
        </item>
        <item>
            <bullet>3.</bullet>
          If you copy code from files distributed under the terms
             of the GNU General Public Licence or the GNU Library
             General Public Licence into a copy of this library, as
             this licence permits, the exception does not apply to
             the code that you add in this way. To avoid misleading
             anyone as to the status of such modified files, you
             must delete this exception notice from such code
             and/or adjust the licensing conditions notice
             accordingly.
        </item>
        <item>
            <bullet>4.</bullet>
          If you write modifications of your own for this library,
             it is your choice whether to permit this exception to
             apply to your modifications. If you do not wish that,
             you must delete the exception notice from such code
             and/or adjust the licensing conditions notice
             accordingly.
        </item>
      </list>
    </text>
  </exception>
</SPDXLicenseCollection>