<?xml version="1.0" encoding="UTF-8"?>
<SPDXLicenseCollection xmlns="http://www.spdx.org/license">
   <license isOsiApproved="false" licenseId="Adobe-Glyph" name="Adobe Glyph List License">
      <crossRefs>
         <crossRef>https://fedoraproject.org/wiki/Licensing/MIT#AdobeGlyph</crossRef>
      </crossRefs>
    <text>
      <copyrightText>
         <p>Copyright (c) 1997,1998,2002,2007 Adobe Systems Incorporated</p>
      </copyrightText>
    
      <p>Permission is hereby granted, free of charge, to any person obtaining a copy of this documentation file
         to use, copy, publish, distribute, sublicense, and/or sell copies of the documentation, and to permit
         others to do the same, provided that:</p>
      <list>
        <item>
            <bullet>-</bullet>
          No modification, editing or other alteration of this document is allowed; and
        </item>
        <item>
            <bullet>-</bullet>
          The above copyright notice and this permission notice shall be included in all copies of the
             documentation.
        </item>
      </list>
      <p>Permission is hereby granted, free of charge, to any person obtaining a copy of this documentation file,
         to create their own derivative works from the content of this document to use, copy, publish,
         distribute, sublicense, and/or sell the derivative works, and to permit others to do the same,
         provided that the derived work is not represented as being a copy or version of this document.</p>
      <p>Adobe shall not be liable to any party for any loss of revenue or profit or for indirect, incidental,
         special, consequential, or other similar damages, whether based on tort (including without limitation
         negligence or strict liability), contract or other legal or equitable grounds even if Adobe has been
         advised or had reason to know of the possibility of such damages.<alt match="Ê?" name="eCircumflex1"/> The Adobe
         materials are provided on an "AS IS" basis.<alt match="Ê?" name="eCircumflex2"/> Adobe specifically disclaims all
         express, statutory, or implied warranties relating to the Adobe materials, including but not limited 
         to those concerning merchantability or fitness for a particular purpose or non-infringement of any
         third party rights regarding the Adobe materials.</p>
    </text>
  </license>
</SPDXLicenseCollection>