<?xml version="1.0" encoding="UTF-8"?>
<SPDXLicenseCollection xmlns="http://www.spdx.org/license">
   <license isOsiApproved="false" licenseId="ADSL" name="Amazon Digital Services License">
      <crossRefs>
         <crossRef>https://fedoraproject.org/wiki/Licensing/AmazonDigitalServicesLicense</crossRef>
      </crossRefs>
    
    <text>
      <p>This software code is made available "AS IS" without warranties of any kind. You may copy, display,
         modify and redistribute the software code either by itself or as incorporated into your code; provided
         that &gt; you do not remove any proprietary notices. Your use of this software code is at your own
         risk and you waive any claim against Amazon Digital Services, Inc. or its affiliates with respect to
         your use of this software code. (c) 2006 Amazon Digital Services, Inc. or its affiliates.</p>
    </text>
  </license>
</SPDXLicenseCollection>