<?xml version="1.0" encoding="UTF-8"?>
<SPDXLicenseCollection xmlns="http://www.spdx.org/license">
   <license isOsiApproved="false" licenseId="AMPAS"
            name="Academy of Motion Picture Arts and Sciences BSD">
      <crossRefs>
         <crossRef>https://fedoraproject.org/wiki/Licensing/BSD#AMPASBSD</crossRef>
      </crossRefs>
    <text>
      <copyrightText>
         <p>Copyright (c) 2006 Academy of Motion Picture Arts and Sciences ("A.M.P.A.S."). Portions contributed by
         others as indicated. All rights reserved.</p>
      </copyrightText>
    
      <p>A world-wide, royalty-free, non-exclusive right to distribute, copy, modify, create derivatives, and use,
         in source and binary forms, is hereby granted, subject to acceptance of this license. Performance of
         any of the aforementioned acts indicates acceptance to be bound by the following terms and
         conditions:</p>
      <list>
        <item>
            <bullet>*</bullet>
          Redistributions of source code must retain the above copyright notice, this list of conditions
             and the Disclaimer of Warranty.
        </item>
        <item>
            <bullet>*</bullet>
          Redistributions in binary form must reproduce the above copyright notice, this list of conditions
             and the Disclaimer of Warranty in the documentation and/or other materials provided with the
             distribution.
        </item>
        <item>
            <bullet>*</bullet>
          Nothing in this license shall be deemed to grant any rights to trademarks, copyrights, patents,
             trade secrets or any other intellectual property of A.M.P.A.S. or any contributors, except as
             expressly stated herein, and neither the name of A.M.P.A.S. nor of any other contributors to
             this software, may be used to endorse or promote products derived from this software without
             specific prior written permission of A.M.P.A.S. or contributor, as appropriate.
        </item>
      </list>
      <p>This license shall be governed by the laws of the State of California, and subject to the jurisdiction of
         the courts therein.</p>
      <p>Disclaimer of Warranty: THIS SOFTWARE IS PROVIDED BY A.M.P.A.S. AND CONTRIBUTORS "AS IS" AND ANY EXPRESS
         OR IMPLIED WARRANTIES, INCLUDING, BUT NOT LIMITED TO, THE IMPLIED WARRANTIES OF MERCHANTABILITY,
         FITNESS FOR A PARTICULAR PURPOSE, AND NON-INFRINGEMENT ARE DISCLAIMED. IN NO EVENT SHALL A.M.P.A.S.,
         ANY CONTRIBUTORS OR DISTRIBUTORS BE LIABLE FOR ANY DIRECT, INDIRECT, INCIDENTAL, SPECIAL, EXEMPLARY,
         OR CONSEQUENTIAL DAMAGES (INCLUDING, BUT NOT LIMITED TO, PROCUREMENT OF SUBSTITUTE GOODS OR SERVICES;
         LOSS OF USE, DATA, OR PROFITS; OR BUSINESS INTERRUPTION) HOWEVER CAUSED AND ON ANY THEORY OF
         LIABILITY, WHETHER IN CONTRACT, STRICT LIABILITY, OR TORT (INCLUDING NEGLIGENCE OR OTHERWISE) ARISING
         IN ANY WAY OUT OF THE USE OF THIS SOFTWARE, EVEN IF ADVISED OF THE POSSIBILITY OF SUCH DAMAGE.</p>
    </text>
  </license>
</SPDXLicenseCollection>