<?xml version="1.0" encoding="UTF-8"?>
<SPDXLicenseCollection xmlns="http://www.spdx.org/license">
   <license isOsiApproved="false" licenseId="APAFML" name="Adobe Postscript AFM License">
      <crossRefs>
         <crossRef>https://fedoraproject.org/wiki/Licensing/AdobePostscriptAFM</crossRef>
      </crossRefs>
    <text>
      <copyrightText>
         <p>Copyright (c) 1985, 1987, 1989, 1990, 1991, 1992, 1993, 1997 Adobe Systems Incorporated. All Rights
         Reserved.</p>
      </copyrightText>
    
      <p>This file and the 14 PostScript(R) AFM files it accompanies may be used, copied, and distributed for any
         purpose and without charge, with or without modification, provided that all copyright notices are
         retained; that the AFM files are not distributed without this file; that all modifications to this
         file or any of the AFM files are prominently noted in the modified file(s); and that this paragraph is
         not modified. Adobe Systems has no responsibility or obligation to support the use of the AFM
         files.</p>
    </text>
  </license>
</SPDXLicenseCollection>