<?xml version="1.0" encoding="UTF-8"?>
<SPDXLicenseCollection xmlns="http://www.spdx.org/license">
   <license isOsiApproved="false" licenseId="BSD-2-Clause-NetBSD"
            name="BSD 2-Clause NetBSD License">
      <crossRefs>
         <crossRef>http://www.netbsd.org/about/redistribution.html#default</crossRef>
      </crossRefs>
      <notes>NetBSD adopted this 2-clause license in 2008 for code contributed to NetBSD Foundation.</notes>
    <text>
      <copyrightText>
         <p>Copyright (c) 2008 The NetBSD Foundation, Inc. All rights reserved.</p>
      </copyrightText>
    
      <p>This code is derived from software contributed to The NetBSD Foundation by 
        <alt match=".*" name="contributors"/>
      </p>
      <p>Redistribution and use in source and binary forms, with or without modification, are permitted provided
         that the following conditions are met:</p>
      <list>
        <item>
            <bullet>1.</bullet>
          Redistributions of source code must retain the above copyright notice, this list of conditions
             and the following disclaimer.
        </item>
        <item>
            <bullet>2.</bullet>
          Redistributions in binary form must reproduce the above copyright notice, this list of conditions
             and the following disclaimer in the documentation and/or other materials provided with the
             distribution.
        </item>
      </list>
      <p>THIS SOFTWARE IS PROVIDED BY 
        <alt match=".+" name="copyrightHolderAsIs">THE NETBSD FOUNDATION, INC. AND CONTRIBUTORS</alt> ``AS IS''
        AND ANY EXPRESS OR IMPLIED WARRANTIES, INCLUDING, BUT NOT LIMITED TO, THE IMPLIED WARRANTIES OF
        MERCHANTABILITY AND FITNESS FOR A PARTICULAR PURPOSE ARE DISCLAIMED. IN NO EVENT SHALL 
        <alt match=".+" name="copyrightHolderLiability">THE FOUNDATION OR CONTRIBUTORS</alt> BE LIABLE FOR ANY
        DIRECT, INDIRECT, INCIDENTAL, SPECIAL, EXEMPLARY, OR CONSEQUENTIAL DAMAGES (INCLUDING, BUT NOT LIMITED
        TO, PROCUREMENT OF SUBSTITUTE GOODS OR SERVICES; LOSS OF USE, DATA, OR PROFITS; OR BUSINESS
        INTERRUPTION) HOWEVER CAUSED AND ON ANY THEORY OF LIABILITY, WHETHER IN CONTRACT, STRICT LIABILITY, OR
        TORT (INCLUDING NEGLIGENCE OR OTHERWISE) ARISING IN ANY WAY OUT OF THE USE OF THIS SOFTWARE, EVEN IF
        ADVISED OF THE POSSIBILITY OF SUCH DAMAGE. 
      </p>
    </text>
  </license>
</SPDXLicenseCollection>
