<?xml version="1.0" encoding="UTF-8"?>
<SPDXLicenseCollection xmlns="http://www.spdx.org/license">
   <license isOsiApproved="false" licenseId="BSD-4-Clause-UC"
            name="BSD-4-Clause (University of California-Specific)">
      <crossRefs>
         <crossRef>http://www.freebsd.org/copyright/license.html</crossRef>
      </crossRefs>
      <notes>This is the same license as the BSD-4-Clause, but with a copyright notice for the Regents of the University
         of California. Captures the retroactive deletion of the third (advertising) clause of the Original BSD
         license for BSD-licensed code developed by UC Berkeley and its contributors (see
         ftp://ftp.cs.berkeley.edu/pub/4bsd/README.Impt.License.Change)</notes>
    <text>
      <titleText>
         <p>BSD-4-Clause (University of California-Specific)</p>
      </titleText>
         <p>Copyright <alt match=".+" name="cyears">[various years]</alt> The Regents of the University of California. All rights reserved.</p>
    
      <p>Redistribution and use in source and binary forms, with or without modification, are permitted provided
         that the following conditions are met:</p>
      <list>
        <item>
            <bullet>1.</bullet>
          Redistributions of source code must retain the above copyright notice, this list of conditions
             and the following disclaimer.
        </item>
        <item>
            <bullet>2.</bullet>
          Redistributions in binary form must reproduce the above copyright notice, this list of conditions
             and the following disclaimer in the documentation and/or other materials provided with the
             distribution.
        </item>
        <item>
            <bullet>3.</bullet>
          All advertising materials mentioning features or use of this software must display the following
             acknowledgement: This product includes software developed by the University of California,
             Berkeley and its contributors.
        </item>
        <item>
            <bullet>4.</bullet>
          Neither the name of the University nor the names of its contributors may be used to endorse or
             promote products derived from this software without specific prior written permission.
        </item>
      </list>
      <p>THIS SOFTWARE IS PROVIDED BY THE REGENTS AND CONTRIBUTORS ''AS IS'' AND ANY EXPRESS OR IMPLIED
         WARRANTIES, INCLUDING, BUT NOT LIMITED TO, THE IMPLIED WARRANTIES OF MERCHANTABILITY AND FITNESS FOR A
         PARTICULAR PURPOSE ARE DISCLAIMED. IN NO EVENT SHALL THE REGENTS OR CONTRIBUTORS BE LIABLE FOR ANY
         DIRECT, INDIRECT, INCIDENTAL, SPECIAL, EXEMPLARY, OR CONSEQUENTIAL DAMAGES (INCLUDING, BUT NOT LIMITED
         TO, PROCUREMENT OF SUBSTITUTE GOODS OR SERVICES; LOSS OF USE, DATA, OR PROFITS; OR BUSINESS
         INTERRUPTION) HOWEVER CAUSED AND ON ANY THEORY OF LIABILITY, WHETHER IN CONTRACT, STRICT LIABILITY, OR
         TORT (INCLUDING NEGLIGENCE OR OTHERWISE) ARISING IN ANY WAY OUT OF THE USE OF THIS SOFTWARE, EVEN IF
         ADVISED OF THE POSSIBILITY OF SUCH DAMAGE.</p>
    </text>
  </license>
</SPDXLicenseCollection>
