<?xml version="1.0" encoding="UTF-8"?>
<SPDXLicenseCollection xmlns="http://www.spdx.org/license">
   <license isOsiApproved="true" licenseId="BSL-1.0" name="Boost Software License 1.0">
      <crossRefs>
         <crossRef>http://www.boost.org/LICENSE_1_0.txt</crossRef>
         <crossRef>http://www.opensource.org/licenses/BSL-1.0</crossRef>
      </crossRefs>
      <notes>This license was released: 17 August 2003</notes>
    <text>
      <titleText>
         <p>Boost Software License - Version 1.0 - August 17th, 2003</p>
      </titleText>
    
      <p>Permission is hereby granted, free of charge, to any person or organization obtaining a copy of the
         software and accompanying documentation covered by this license (the "Software") to use, reproduce,
         display, distribute, execute, and transmit the Software, and to prepare derivative works of the
         Software, and to permit third-parties to whom the Software is furnished to do so, all subject to the
         following:</p>
      <p>The copyright notices in the Software and this entire statement, including the above license grant, this
         restriction and the following disclaimer, must be included in all copies of the Software, in whole or
         in part, and all derivative works of the Software, unless such copies or derivative works are solely
         in the form of machine-executable object code generated by a source language processor.</p>
      <p>THE SOFTWARE IS PROVIDED "AS IS", WITHOUT WARRANTY OF ANY KIND, EXPRESS OR IMPLIED, INCLUDING BUT NOT
         LIMITED TO THE WARRANTIES OF MERCHANTABILITY, FITNESS FOR A PARTICULAR PURPOSE, TITLE AND
         NON-INFRINGEMENT. IN NO EVENT SHALL THE COPYRIGHT HOLDERS OR ANYONE DISTRIBUTING THE SOFTWARE BE
         LIABLE FOR ANY DAMAGES OR OTHER LIABILITY, WHETHER IN CONTRACT, TORT OR OTHERWISE, ARISING FROM, OUT
         OF OR IN CONNECTION WITH THE SOFTWARE OR THE USE OR OTHER DEALINGS IN THE SOFTWARE.</p>
    </text>
  </license>
</SPDXLicenseCollection>