<?xml version="1.0" encoding="UTF-8"?>
<SPDXLicenseCollection xmlns="http://www.spdx.org/license">
   <license isOsiApproved="false" licenseId="bzip2-1.0.5"
            name="bzip2 and libbzip2 License v1.0.5">
      <crossRefs>
         <crossRef>http://bzip.org/1.0.5/bzip2-manual-1.0.5.html</crossRef>
      </crossRefs>
    <text>
      <titleText>
         <p>Version 1.0.5 of 10 December 2007</p>
      </titleText>
      <copyrightText>
         <p>Copyright © 1996-2007 Julian Seward</p>
      </copyrightText>
    
      <p>This program, bzip2, the associated library libbzip2, and all documentation, are copyright ©
         1996-2007 Julian Seward. All rights reserved.</p>
      <p>Redistribution and use in source and binary forms, with or without modification, are permitted provided
         that the following conditions are met:</p>
      <list>
        <item>
            <bullet>•</bullet>
          Redistributions of source code must retain the above copyright notice, this list of
             conditions and the following disclaimer.
        </item>
        <item>
            <bullet>•</bullet>
          The origin of this software must not be misrepresented; you must not claim that you wrote the
             original software. If you use this software in a product, an acknowledgment in the product
             documentation would be appreciated but is not required.
        </item>
        <item>
            <bullet>•</bullet>
          Altered source versions must be plainly marked as such, and must not be misrepresented as
             being the original software.
        </item>
        <item>
            <bullet>•</bullet>
          The name of the author may not be used to endorse or promote products derived from this
             software without specific prior written permission.
        </item>
      </list>
      <p>THIS SOFTWARE IS PROVIDED BY THE AUTHOR "AS IS" AND ANY EXPRESS OR IMPLIED WARRANTIES,
         INCLUDING, BUT NOT LIMITED TO, THE IMPLIED WARRANTIES OF MERCHANTABILITY AND FITNESS FOR A PARTICULAR
         PURPOSE ARE DISCLAIMED. IN NO EVENT SHALL THE AUTHOR BE LIABLE FOR ANY DIRECT, INDIRECT, INCIDENTAL,
         SPECIAL, EXEMPLARY, OR CONSEQUENTIAL DAMAGES (INCLUDING, BUT NOT LIMITED TO, PROCUREMENT OF SUBSTITUTE
         GOODS OR SERVICES; LOSS OF USE, DATA, OR PROFITS; OR BUSINESS INTERRUPTION) HOWEVER CAUSED AND ON ANY
         THEORY OF LIABILITY, WHETHER IN CONTRACT, STRICT LIABILITY, OR TORT (INCLUDING NEGLIGENCE OR
         OTHERWISE) ARISING IN ANY WAY OUT OF THE USE OF THIS SOFTWARE, EVEN IF ADVISED OF THE POSSIBILITY OF
         SUCH DAMAGE. 
      </p>
      <p>PATENTS: To the best of my knowledge, bzip2 and libbzip2 do not use any patented algorithms.
         However, I do not have the resources to carry out a patent search. Therefore I cannot give any
         guarantee of the above statement. 
      </p>
    </text>
  </license>
</SPDXLicenseCollection>