<?xml version="1.0" encoding="UTF-8"?>
<SPDXLicenseCollection xmlns="http://www.spdx.org/license">
   <license isOsiApproved="false" licenseId="bzip2-1.0.6"
            name="bzip2 and libbzip2 License v1.0.6">
      <crossRefs>
         <crossRef>https://github.com/asimonov-im/bzip2/blob/master/LICENSE</crossRef>
      </crossRefs>
      <notes>The bzip2.org website only shows version 1.0.5 of the license.</notes>
    <text>
      <copyrightText>
         <p>This program, "bzip2", the associated library "libbzip2", and all documentation, are
         copyright (C) 1996-2010 Julian R Seward. All rights reserved.</p>
      </copyrightText>
    
      <p>Redistribution and use in source and binary forms, with or without modification, are permitted provided
         that the following conditions are met:</p>
      <list>
        <item>
            <bullet>1.</bullet>
          Redistributions of source code must retain the above copyright notice, this list of
             conditions and the following disclaimer.
        </item>
        <item>
            <bullet>2.</bullet>
          The origin of this software must not be misrepresented; you must not claim that you wrote the
             original software. If you use this software in a product, an acknowledgment in the product
             documentation would be appreciated but is not required.
        </item>
        <item>
            <bullet>3.</bullet>
          Altered source versions must be plainly marked as such, and must not be misrepresented as
             being the original software.
        </item>
        <item>
            <bullet>4.</bullet>
          The name of the author may not be used to endorse or promote products derived from this
             software without specific prior written permission.
        </item>
      </list>
      <p>THIS SOFTWARE IS PROVIDED BY THE AUTHOR ``AS IS'' AND ANY EXPRESS OR IMPLIED WARRANTIES,
         INCLUDING, BUT NOT LIMITED TO, THE IMPLIED WARRANTIES OF MERCHANTABILITY AND FITNESS FOR A PARTICULAR
         PURPOSE ARE DISCLAIMED. IN NO EVENT SHALL THE AUTHOR BE LIABLE FOR ANY DIRECT, INDIRECT, INCIDENTAL,
         SPECIAL, EXEMPLARY, OR CONSEQUENTIAL DAMAGES (INCLUDING, BUT NOT LIMITED TO, PROCUREMENT OF SUBSTITUTE
         GOODS OR SERVICES; LOSS OF USE, DATA, OR PROFITS; OR BUSINESS INTERRUPTION) HOWEVER CAUSED AND ON ANY
         THEORY OF LIABILITY, WHETHER IN CONTRACT, STRICT LIABILITY, OR TORT (INCLUDING NEGLIGENCE OR
         OTHERWISE) ARISING IN ANY WAY OUT OF THE USE OF THIS SOFTWARE, EVEN IF ADVISED OF THE POSSIBILITY OF
         SUCH DAMAGE.</p>
      <p>Julian Seward, jseward@bzip.org bzip2/libbzip2 version 1.0.6 of 6 September 2010</p>
    </text>
  </license>
</SPDXLicenseCollection>