<?xml version="1.0" encoding="UTF-8"?>
<SPDXLicenseCollection xmlns="http://www.spdx.org/license">
   <license isOsiApproved="false" licenseId="Caldera" name="Caldera License">
      <crossRefs>
         <crossRef>http://www.lemis.com/grog/UNIX/ancient-source-all.pdf</crossRef>
      </crossRefs>
    
    <text>
      <p>Caldera International, Inc. hereby grants a fee free license that includes the rights use, modify and
         distribute this named source code, including creating derived binary products created from the source
         code. The source code for which Caldera International, Inc. grants rights are limited to the following
         UNIX Operating Systems that operate on the 16-Bit PDP-11 CPU and early versions of the 32-Bit UNIX
         Operating System, with specific exclusion of UNIX System III and UNIX System V and successor operating
         systems:</p>
      <p>32-bit 32V UNIX</p>
      <p>16 bit UNIX Versions 1, 2, 3, 4, 5, 6, 7</p>
      <p>Caldera International, Inc. makes no guarantees or commitments that any source code is available from Caldera 
        International, Inc. 
      </p>
      <p>The following copyright notice applies to the source code files for which this license is granted.</p>
      <p>Copyright(C) Caldera International Inc. 2001-2002. All rights reserved.</p>
      <p>Redistribution and use in source and binary forms, with or without modification, are permitted provided
         that the following conditions are met:</p>
      <p>Redistributions of source code and documentation must retain the above copyright notice, this list of
         conditions and the following disclaimer.</p>
      <p>Redistributions in binary form must reproduce the above copyright notice, this list of conditions and the
         following disclaimer in the documentation and/or other materials provided with the distribution.</p>
      <p>All advertising materials mentioning features or use of this software must display the following
         acknowledgement: 
        <list>
            <item>
                <p>This product includes software developed or owned by Caldera International, Inc.</p>
            </item>
        </list>
      </p>
      <p>Neither the name of Caldera International, Inc. nor the names of other contributors may be used to
         endorse or promote products derived from this software without specific prior written permission.</p>
      <p>USE OF THE SOFTWARE PROVIDED FOR UNDER THIS LICENSE BY CALDERA INTERNATIONAL, INC. AND CONTRIBUTORS ``AS
         IS'' AND ANY EXPRESS OR IMPLIED WARRANTIES, INCLUDING, BUT NOT LIMITED TO, THE IMPLIED WARRANTIES OF
         MERCHANTABILITY AND FITNESS FOR A PARTICULAR PURPOSE ARE DISCLAIMED. IN NO EVENT SHALL CALDERA INTERNATIONAL, 
         INC. BE LIABLE FOR ANY DIRECT, INDIRECT INCIDENTAL, SPECIAL, EXEMPLARY, OR CONSEQUENTIAL DAMAGES (INCLUDING, 
         BUT NOT LIMITED TO, PROCUREMENT OF SUBSTITUTE GOODS OR SERVICES; LOSS OF USE, DATA, OR PROFITS; OR BUSINESS
         INTERRUPTION) HOWEVER CAUSED AND ON ANY THEORY OF LIABILITY, WHETHER IN CONTRACT, STRICT LIABILITY, OR 
         TORT (INCLUDING NEGLIGENCE OR OTHERWISE) ARISING IN ANY WAY OUT OF THE USE OF THIS SOFTWARE, EVEN IF ADVISED 
         OF THE POSSIBILITY OF SUCH DAMAGE. 
      </p>
    </text>
  </license>
</SPDXLicenseCollection>