<?xml version="1.0" encoding="UTF-8"?>
<SPDXLicenseCollection xmlns="http://www.spdx.org/license">
   <license isOsiApproved="false" licenseId="CrystalStacker" name="CrystalStacker License">
      <crossRefs>
         <crossRef>https://fedoraproject.org/wiki/Licensing:CrystalStacker?rd=Licensing/CrystalStacker</crossRef>
      </crossRefs>
    
    <text>
      <p>Crystal Stacker is freeware. This means you can pass copies around freely provided you include this
         document in it's original form in your distribution. Please see the "Contacting Us" section of this
         document if you need to contact us for any reason.</p>
      <p>Disclaimer</p>
      <p>NewCreature Design makes no guarantees regarding the Crystal Stacker software. We are not responsible for
         damages caused by it, though the software is not known to cause any problems. If you have trouble with
         the software, see the "Contacting Us" section of this document.</p>
      <p>The source code is provided as-is and you may do with it whatsoever you please provided that you include
         this file in its unmodified form with any new distribution. NewCreature Design makes no gaurantees
         regarding the usability of the source but are willing to help with any problems you might run into.
         Please see the "Contacting Us" section of this document if you need to get in touch with us about any
         issues you have regarding the source.</p>
    </text>
  </license>
</SPDXLicenseCollection>