<?xml version="1.0" encoding="UTF-8"?>
<SPDXLicenseCollection xmlns="http://www.spdx.org/license">
   <license isOsiApproved="false" licenseId="Cube" name="Cube License">
      <crossRefs>
         <crossRef>https://fedoraproject.org/wiki/Licensing/Cube</crossRef>
      </crossRefs>
    <text>
      <titleText>
         <p>Cube game engine source code, 20 dec 2003 release.</p>
      </titleText>
      <copyrightText>
         <p>Copyright (C) 2001-2003 Wouter van Oortmerssen.</p>
      </copyrightText>
    
      <p>This software is provided 'as-is', without any express or implied warranty. In no event will
         the authors be held liable for any damages arising from the use of this software.</p>
      <p>Permission is granted to anyone to use this software for any purpose, including commercial applications,
         and to alter it and redistribute it freely, subject to the following restrictions:</p>
      <list>
        <item>
            <bullet>1.</bullet>
          The origin of this software must not be misrepresented; you must not claim that you wrote the
             original software. If you use this software in a product, an acknowledgment in the product
             documentation would be appreciated but is not required.
        </item>
        <item>
            <bullet>2.</bullet>
          Altered source versions must be plainly marked as such, and must not be misrepresented as
             being the original software.
        </item>
        <item>
            <bullet>3.</bullet>
          This notice may not be removed or altered from any source distribution.
        </item>
      </list>
      <p>additional clause specific to Cube:</p>
      <list>
        <item>
            <bullet>4.</bullet>
          Source versions may not be "relicensed" under a different license without my
             explicitly written permission.
        </item>
      </list>
    </text>
  </license>
</SPDXLicenseCollection>