<?xml version="1.0" encoding="UTF-8"?>
<SPDXLicenseCollection xmlns="http://www.spdx.org/license">
   <license isOsiApproved="true" licenseId="ECL-1.0"
            name="Educational Community License v1.0">
      <crossRefs>
         <crossRef>http://opensource.org/licenses/ECL-1.0</crossRef>
      </crossRefs>
    <text>
      <titleText>
         <p>The Educational Community License</p>
      </titleText>
      <p>This Educational Community License (the "License") applies to any original work of authorship (the
         "Original Work") whose owner (the "Licensor") has placed the following notice immediately following
         the copyright notice for the Original Work:</p>
      <standardLicenseHeader>
      <p>Copyright (c) 
        <alt match=".+" name="copyright">&lt;year&gt; &lt;copyright holders&gt;</alt>
      </p>
      <p>Licensed under the Educational Community License version 1.0</p>
      </standardLicenseHeader>
      <p>This Original Work, including software, source code, documents, or other related items, is being provided
         by the copyright holder(s) subject to the terms of the Educational Community License. By obtaining,
         using and/or copying this Original Work, you agree that you have read, understand, and will comply
         with the following terms and conditions of the Educational Community License:</p>
      <p>Permission to use, copy, modify, merge, publish, distribute, and sublicense this Original Work and its
         documentation, with or without modification, for any purpose, and without fee or royalty to the
         copyright holder(s) is hereby granted, provided that you include the following on ALL copies of the
         Original Work or portions thereof, including modifications or derivatives, that you make:</p>
      <p>The full text of the Educational Community License in a location viewable to users of the redistributed
         or derivative work.</p>
      <p>Any pre-existing intellectual property disclaimers, notices, or terms and conditions.</p>
      <p>Notice of any changes or modifications to the Original Work, including the date the changes were made.</p>
      <p>Any modifications of the Original Work must be distributed in such a manner as to avoid any confusion
         with the Original Work of the copyright holders.</p>
      <p>THE SOFTWARE IS PROVIDED "AS IS", WITHOUT WARRANTY OF ANY KIND, EXPRESS OR IMPLIED, INCLUDING BUT NOT
         LIMITED TO THE WARRANTIES OF MERCHANTABILITY, FITNESS FOR A PARTICULAR PURPOSE AND NONINFRINGEMENT. IN
         NO EVENT SHALL THE AUTHORS OR COPYRIGHT HOLDERS BE LIABLE FOR ANY CLAIM, DAMAGES OR OTHER LIABILITY,
         WHETHER IN AN ACTION OF CONTRACT, TORT OR OTHERWISE, ARISING FROM, OUT OF OR IN CONNECTION WITH THE
         SOFTWARE OR THE USE OR OTHER DEALINGS IN THE SOFTWARE.</p>
      <p>The name and trademarks of copyright holder(s) may NOT be used in advertising or publicity pertaining to
         the Original or Derivative Works without specific, written prior permission. Title to copyright in the
         Original Work and any associated documentation will at all times remain with the copyright
         holders.</p>
    </text>
  </license>
</SPDXLicenseCollection>