<?xml version="1.0" encoding="UTF-8"?>
<SPDXLicenseCollection xmlns="http://www.spdx.org/license">
   <license isDeprecated="true" deprecatedVersion="2.0rc2" licenseId="eCos-2.0" name="eCos license version 2.0">
      <obsoletedBys>
          <obsoletedBy>GPL-2.0-or-later WITH eCos-exception-2.0</obsoletedBy>
      </obsoletedBys>
      <crossRefs>
         <crossRef>http://www.gnu.org/licenses/ecos-license.html</crossRef>
      </crossRefs>
    <text>
      <titleText>The eCos license version 2.0</titleText>
     
	     <p>This file is part of eCos, the Embedded Configurable Operating System. Copyright (C) 1998, 1999, 2000, 2001, 2002 Red Hat, Inc.</p>
	     <p>eCos is free software; you can redistribute it and/or modify it under the terms of the GNU General Public License as published by the Free Software Foundation; either version 2 or (at your option) any later version.</p>
	     <p>eCos is distributed in the hope that it will be useful, but WITHOUT ANY WARRANTY; without even the implied warranty of MERCHANTABILITY or FITNESS FOR A PARTICULAR PURPOSE. See the GNU General Public License for more details.</p>
	     <p>You should have received a copy of the GNU General Public License along with eCos; if not, write to the Free Software Foundation, Inc., 51 Franklin St, Fifth Floor, Boston, MA 02110-1301 USA.</p>
	     <p>As a special exception, if other files instantiate templates or use macros or inline functions from this file, or you compile this file and link it with other works to produce a work based on this file, this file does not by itself cause the resulting work to be covered by the GNU General Public License. However the source code for this file must still be made available in accordance with section (3) of the GNU General Public License.</p>
	     <p>This exception does not invalidate any other reasons why a work based on this file might be covered by the GNU General Public License.</p>
	     <p>Alternative licenses for eCos may be arranged by contacting Red Hat, Inc. at http://sources.redhat.com/ecos/ecos-license/ -------------------------------------------</p>
    
      <optional>
	        <p>####ECOSGPLCOPYRIGHTEND####</p>
      </optional>
    </text>
  </license>
</SPDXLicenseCollection>
