<?xml version="1.0" encoding="UTF-8"?>
<SPDXLicenseCollection xmlns="http://www.spdx.org/license">
   <license isOsiApproved="false" licenseId="FSFUL" name="FSF Unlimited License">
      <crossRefs>
         <crossRef>https://fedoraproject.org/wiki/Licensing/FSF_Unlimited_License</crossRef>
      </crossRefs>
    <text>
      <copyrightText>
         <p>Copyright (C) 1992-1996, 1998-2012 Free Software Foundation, Inc.</p>
      </copyrightText>
    
      <p>This configure script is free software; the Free Software Foundation gives unlimited permission to copy,
         distribute and modify it.</p>
    </text>
  </license>
</SPDXLicenseCollection>