<?xml version="1.0" encoding="UTF-8"?>
<SPDXLicenseCollection xmlns="http://www.spdx.org/license">
   <license isOsiApproved="false" licenseId="Giftware" name="Giftware License">
      <crossRefs>
         <crossRef>http://liballeg.org/license.html#allegro-4-the-giftware-license</crossRef>
      </crossRefs>
      <notes>This license may also be known as Allegro 4. The Allegro 5 license shown at the alleg.sourceforge.net URL is
         the same as zlib</notes>
    <text>
      <titleText>
         <p>Allegro 4 (the giftware license)</p>
      </titleText>
    
      <p>Allegro is gift-ware. It was created by a number of people working in cooperation, and is given to you
         freely as a gift. You may use, modify, redistribute, and generally hack it about in any way you like,
         and you do not have to give us anything in return.</p>
      <p>However, if you like this product you are encouraged to thank us by making a return gift to the Allegro
         community. This could be by writing an add-on package, providing a useful bug report, making an
         improvement to the library, or perhaps just releasing the sources of your program so that other people
         can learn from them. If you redistribute parts of this code or make a game using it, it would be nice
         if you mentioned Allegro somewhere in the credits, but you are not required to do this. We trust you
         not to abuse our generosity.</p>
      <p>By Shawn Hargreaves, 18 October 1998.</p>
      <p>DISCLAIMER: THE SOFTWARE IS PROVIDED "AS IS", WITHOUT WARRANTY OF ANY KIND, EXPRESS OR IMPLIED, INCLUDING
         BUT NOT LIMITED TO THE WARRANTIES OF MERCHANTABILITY, FITNESS FOR A PARTICULAR PURPOSE, TITLE AND
         NON-INFRINGEMENT. IN NO EVENT SHALL THE COPYRIGHT HOLDERS OR ANYONE DISTRIBUTING THE SOFTWARE BE
         LIABLE FOR ANY DAMAGES OR OTHER LIABILITY, WHETHER IN CONTRACT, TORT OR OTHERWISE, ARISING FROM, OUT
         OF OR IN CONNECTION WITH THE SOFTWARE OR THE USE OR OTHER DEALINGS IN THE SOFTWARE.</p>
    </text>
  </license>
</SPDXLicenseCollection>