<?xml version="1.0" encoding="UTF-8"?>
<SPDXLicenseCollection xmlns="http://www.spdx.org/license">
   <license isOsiApproved="false" licenseId="iMatix"
            name="iMatix Standard Function Library Agreement">
      <crossRefs>
         <crossRef>http://legacy.imatix.com/html/sfl/sfl4.htm#license</crossRef>
      </crossRefs>
    <text>
      <titleText>
         <p>The SFL License Agreement</p>
      </titleText>
    
      <p>This license agreement covers your use of the iMatix STANDARD FUNCTION LIBRARY (SFL), its source code,
         documentation, and executable files, hereinafter referred to as "the Product".</p>
      <p>The Product is Copyright (c) 1991-2000 iMatix Corporation. You may use it and distribute it according to
         this following License Agreement. If you do not agree with these terms, please remove the Product from
         your system. By incorporating the Product in your work or distributing the Product to others you
         implicitly agree to these license terms.</p>
      <p>Statement Of Copyright</p>
      <p>The Product is, and remains, Copyright © 1991-2000 iMatix Corporation, with exception of specific
         copyrights as noted in the individual source files.</p>
      <p>Conditions Of Use</p>
      <list>
          <item>You do not need to provide the source code for the Product as part of your product. However, you must do
         one of these things to comply with the Product License Agreement:
      <list>
               <item>
                  <bullet>1.</bullet>
          Provide the source code for Product modules that you use, or
        </item>
               <item>
                  <bullet>2.</bullet>
          Make your product freely available according to a license similar to the GNU General Public
             License, or the Perl Artistic License, or
        </item>
               <item>
                  <bullet>3.</bullet>
          Add this phrase to the documentation for your product: "This product uses parts of the iMatix
             SFL, Copyright © 1991-2000 iMatix Corporation &lt;http://www.imatix.com&gt;".
        </item>
            </list>
        </item>
      </list>
      <p>Rights Of Usage</p>
      <list>
        <item>You may freely and at no cost use the Product in any project, commercial, academic, military, or private,
           so long as you respect the License Agreement. The License Agreement does not affect any software
           except the Product. In particular, any application that uses the Product does not itself fall under
           the License Agreement.</item>
        <item>You may modify any part of the Product, including sources and documentation, except this License
           Agreement, which you may not modify.</item>
        <item>You must clearly indicate any modifications at the start of each source file. The user of any modified
           Product code must know that the source file is not original.</item>
        <item>
            <p>At your discretion, you may rewrite or reuse any part of the Product so that your derived code is not
           obviously part of the Product. This derived code does not fall under the Product License Agreement
           directly, but you must include a credit at the start of each source file indicating the original
           authorship and source of the code, and a statement of copyright as follows:</p>
            <p>"Parts copyright (c) 1991-2000 iMatix Corporation."</p>
        </item>
        </list>
        <p>Rights Of Distribution</p>
        <list>
          <item>You may freely distribute the Product, or any subset of the Product, by any means. The License, in
             the form of the file called "LICENSE.TXT" must accompany any such distribution.</item>
          <item>You may charge a fee for distributing the Product, for providing a warranty on the Product, for
             making modifications to the Product, or for any other service provided in relation to the Product.
             You are not required to ask our permission for any of these activities.</item>
          <item>At no time will iMatix associate itself with any distribution of the Product except that supplied
             from the Internet site http://www.imatix.com.</item>
        </list>
        <p>Disclaimer Of Warranty</p>
        <list>
            <item>The Product is provided as free software, in the hope that it will be useful. It is provided "as-is",
             without warranty of any kind, either expressed or implied, including, but not limited to, the
             implied warranties of merchantability and fitness for a particular purpose. The entire risk as to
             the quality and performance of the Product is with you. Should the Product prove defective, the
             full cost of repair, servicing, or correction lies with you.</item>
         </list>
    </text>
    </license>
</SPDXLicenseCollection>