<?xml version="1.0" encoding="UTF-8"?>
<SPDXLicenseCollection xmlns="http://www.spdx.org/license">
   <license isOsiApproved="false" licenseId="Intel-ACPI"
            name="Intel ACPI Software License Agreement">
      <crossRefs>
         <crossRef>https://fedoraproject.org/wiki/Licensing/Intel_ACPI_Software_License_Agreement</crossRef>
      </crossRefs>
    <text>
      <titleText>
         <p>ACPI - Software License Agreement</p>
      </titleText>
    
      <p>Software License Agreement IMPORTANT - READ BEFORE COPYING, INSTALLING OR USING.</p>
      <p>Do not use or load this software and any associated materials (collectively, the "Software")
         until you have carefully read the following terms and conditions. By loading or using the Software,
         you agree to the terms of this Agreement. If you do not wish to so agree, do not install or use the
         Software.</p>
      <list>
        <item>
            <bullet>1.</bullet>
            <copyrightText>COPYRIGHT NOTICE Some or all of this work - Copyright © 1999-2005, Intel Corp. All rights reserved.</copyrightText>
        </item>
        <item>
            <bullet>2.</bullet>
          LICENSE
          <list>
               <item>
                  <bullet>2.1.</bullet>
              This is your license from Intel Corp. under its intellectual property rights. You may have
                 additional license terms from the party that provided you this software, covering your
                 right to use that party's intellectual property rights.
            </item>
               <item>
                  <bullet>2.2.</bullet>
              Intel grants, free of charge, to any person ("Licensee") obtaining a copy of the
                 source code appearing in this file ("Covered Code") an irrevocable, perpetual,
                 worldwide license under Intel's copyrights in the base code distributed originally by
                 Intel ("Original Intel Code") to copy, make derivatives, distribute, use and
                 display any portion of the Covered Code in any form, with the right to sublicense such
                 rights; and
            </item>
               <item>
                  <bullet>2.3.</bullet>
              Intel grants Licensee a non-exclusive and non-transferable patent license (with the right to
                 sublicense), under only those claims of Intel patents that are infringed by the Original
                 Intel Code, to make, use, sell, offer to sell, and import the Covered Code and derivative
                 works thereof solely to the minimum extent necessary to exercise the above copyright
                 license, and in no event shall the patent license extend to any additions to or
                 modifications of the Original Intel Code. No other license or right is granted directly or
                 by implication, estoppel or otherwise; The above copyright and patent license is granted
                 only if the following conditions are met:
            </item>
            </list>
        </item>
        <item>
            <bullet>3.</bullet>
          CONDITIONS
          <list>
               <item>
                  <bullet>3.1.</bullet>
              Redistribution of Source with Rights to Further Distribute Source. Redistribution of source
                 code of any substantial portion of the Covered Code or modification with rights to further
                 distribute source must include the above Copyright Notice, the above License, this list of
                 Conditions, and the following Disclaimer and Export Compliance provision. In addition,
                 Licensee must cause all Covered Code to which Licensee contributes to contain a file
                 documenting the changes Licensee made to create that Covered Code and the date of any
                 change. Licensee must include in that file the documentation of any changes made by any
                 predecessor Licensee. Licensee must include a prominent statement that the modification is
                 derived, directly or indirectly, from Original Intel Code.
            </item>
               <item>
                  <bullet>3.2.</bullet>
              Redistribution of Source with no Rights to Further Distribute Source. Redistribution of
                 source code of any substantial portion of the Covered Code or modification without rights
                 to further distribute source must include the following Disclaimer and Export Compliance
                 provision in the documentation and/or other materials provided with distribution. In
                 addition, Licensee may not authorize further sublicense of source of any portion of the
                 Covered Code, and must include terms to the effect that the license from Licensee to its
                 licensee is limited to the intellectual property embodied in the software Licensee
                 provides to its licensee, and not to intellectual property embodied in modifications its
                 licensee may make.
            </item>
               <item>
                  <bullet>3.3.</bullet>
              Redistribution of Executable. Redistribution in executable form of any substantial portion of
                 the Covered Code or modification must reproduce the above Copyright Notice, and the
                 following Disclaimer and Export Compliance provision in the documentation and/or other
                 materials provided with the distribution.
            </item>
               <item>
                  <bullet>3.4.</bullet>
              Intel retains all right, title, and interest in and to the Original Intel Code.
            </item>
               <item>
                  <bullet>3.5.</bullet>
              Neither the name Intel nor any other trademark owned or controlled by Intel shall be used in
                 advertising or otherwise to promote the sale, use or other dealings in products derived
                 from or relating to the Covered Code without prior written authorization from Intel.
            </item>
            </list>
        </item>
        <item>
            <bullet>4.</bullet>
          DISCLAIMER AND EXPORT COMPLIANCE
          <list>
               <item>
                  <bullet>4.1.</bullet>
              INTEL MAKES NO WARRANTY OF ANY KIND REGARDING ANY SOFTWARE PROVIDED HERE. ANY SOFTWARE
                 ORIGINATING FROM INTEL OR DERIVED FROM INTEL SOFTWARE IS PROVIDED "AS IS," AND
                 INTEL WILL NOT PROVIDE ANY SUPPORT, ASSISTANCE, INSTALLATION, TRAINING OR OTHER SERVICES.
                 INTEL WILL NOT PROVIDE ANY UPDATES, ENHANCEMENTS OR EXTENSIONS. INTEL SPECIFICALLY
                 DISCLAIMS ANY IMPLIED WARRANTIES OF MERCHANTABILITY, NONINFRINGEMENT AND FITNESS FOR A
                 PARTICULAR PURPOSE.
            </item>
               <item>
                  <bullet>4.2.</bullet>
              IN NO EVENT SHALL INTEL HAVE ANY LIABILITY TO LICENSEE, ITS LICENSEES OR ANY OTHER THIRD
                 PARTY, FOR ANY LOST PROFITS, LOST DATA, LOSS OF USE OR COSTS OF PROCUREMENT OF SUBSTITUTE
                 GOODS OR SERVICES, OR FOR ANY INDIRECT, SPECIAL OR CONSEQUENTIAL DAMAGES ARISING OUT OF
                 THIS AGREEMENT, UNDER ANY CAUSE OF ACTION OR THEORY OF LIABILITY, AND IRRESPECTIVE OF
                 WHETHER INTEL HAS ADVANCE NOTICE OF THE POSSIBILITY OF SUCH DAMAGES. THESE LIMITATIONS
                 SHALL APPLY NOTWITHSTANDING THE FAILURE OF THE ESSENTIAL PURPOSE OF ANY LIMITED
                 REMEDY.
            </item>
               <item>
                  <bullet>4.3.</bullet>
              Licensee shall not export, either directly or indirectly, any of this software or system
                 incorporating such software without first obtaining any required license or other approval
                 from the U. S. Department of Commerce or any other agency or department of the United
                 States Government. In the event Licensee exports any such software from the United States
                 or re-exports any such software from a foreign destination, Licensee shall ensure that the
                 distribution and export/re-export of the software is in compliance with all laws,
                 regulations, orders, or other restrictions of the U.S. Export Administration Regulations.
                 Licensee agrees that neither it nor any of its subsidiaries will export/re-export any
                 technical data, process, software, or service, directly or indirectly, to any country for
                 which the United States government or any agency thereof requires an export license, other
                 governmental approval, or letter of assurance, without first obtaining such license,
                 approval or letter.
            </item>
            </list>
        </item>
      </list>
    </text>
  </license>
</SPDXLicenseCollection>