<?xml version="1.0" encoding="UTF-8"?>
<SPDXLicenseCollection xmlns="http://www.spdx.org/license">
   <license isOsiApproved="false" licenseId="Latex2e" name="Latex2e License">
      <crossRefs>
         <crossRef>https://fedoraproject.org/wiki/Licensing/Latex2e</crossRef>
      </crossRefs>
    <text>
      <copyrightText>
         <p>Copyright (C) 2007, 2008, 2009, 2010 Karl Berry. 
        <br/>Copyright (C) 1988, 1994, 2007 Stephen Gilmore. 
        <br/>Copyright (C) 1994, 1995, 1996 Torsten Martinsen. 
      </p>
      </copyrightText>
    
      <p>Permission is granted to make and distribute verbatim copies of this manual provided the copyright notice
         and this permission notice are preserved on all copies.</p>
      <p>Permission is granted to copy and distribute modified versions of this manual under the conditions for
         verbatim copying, provided that the entire resulting derived work is distributed under the terms of a
         permission notice identical to this one.</p>
      <p>Permission is granted to copy and distribute translations of this manual into another language, under the
         above conditions for modified versions.</p>
    </text>
  </license>
</SPDXLicenseCollection>