<?xml version="1.0" encoding="UTF-8"?>
<SPDXLicenseCollection xmlns="http://www.spdx.org/license">
   <license isOsiApproved="true" licenseId="LiLiQ-R-1.1"
            name="Licence Libre du Québec – Réciprocité version 1.1">
      <crossRefs>
         <crossRef>https://www.forge.gouv.qc.ca/participez/licence-logicielle/licence-libre-du-quebec-liliq-en-francais/licence-libre-du-quebec-reciprocite-liliq-r-v1-1/</crossRef>
         <crossRef>http://opensource.org/licenses/LiLiQ-R-1.1</crossRef>
      </crossRefs>
      <notes>French is the canonical language for this license. An English
         translation is provided here:
         https://www.forge.gouv.qc.ca/participez/licence-logicielle/licence-libre-du-quebec-liliq-in-english/quebec-free-and-open-source-licence-reciprocity-liliq-r-v1-1/</notes>
    <text>
      <titleText>
         <p>Licence Libre du Québec – Réciprocité (LiLiQ-R)</p>
         <p>Version 1.1</p>
      </titleText>
      <list>
        <item>
            <bullet>1.</bullet>
          Préambule
            <br/>Cette licence s'applique à tout logiciel distribué
                 dont le titulaire du droit d'auteur précise
                 qu'il est sujet aux termes de la Licence Libre
                 du Québec – Réciprocité (LiLiQ-R) (ci-après
                 appelée la « licence »).
          
        </item>
        <item>
            <bullet>2.</bullet>
          Définitions
            <br/>Dans la présente licence, à moins que le contexte
                 n'indique un sens différent, on entend par:
          
          <p>« concédant » : le titulaire du droit d'auteur sur le
             logiciel, ou toute personne dûment autorisée par ce
             dernier à accorder la présente licence;</p>
            <p>« contributeur » : le titulaire du droit d'auteur
                 ou toute personne autorisée par ce dernier à
                 soumettre au concédant une contribution. Un
                 contributeur dont sa contribution est
                 incorporée au logiciel est considéré comme un
                 concédant en regard de sa contribution;</p>
            <p>« contribution » : tout logiciel original, ou
                 partie de logiciel original soumis et destiné
                 à être incorporé dans le logiciel;</p>
            <p>« distribution » : le fait de délivrer une copie du logiciel;</p>
            <p>« licencié » : toute personne qui possède une copie
                 du logiciel et qui exerce les droits concédés
                 par la licence;</p>
           <p>« logiciel » : une œuvre protégée par le droit
                 d'auteur, telle qu'un programme d'ordinateur
                 et sa documentation, pour laquelle le
                 titulaire du droit d'auteur a précisé qu'elle
                 est sujette aux termes de la présente licence;</p>
            <p>« logiciel dérivé » : tout logiciel original
                 réalisé par un licencié, autre que le logiciel
                 ou un logiciel modifié, qui produit ou
                 reproduit la totalité ou une partie importante
                 du logiciel;</p>
            <p>« logiciel modifié » : toute modification par un
                 licencié de l'un des fichiers source du
                 logiciel ou encore tout nouveau fichier source
                 qui incorpore le logiciel ou une partie
                 importante de ce dernier.
          </p>
        </item>
        <item>
            <bullet>3.</bullet>
          Licence de droit d'auteur
            <br/>Sous réserve des termes de la licence, le concédant
                 accorde au licencié une licence non exclusive
                 et libre de redevances lui permettant
                 d’exercer les droits suivants sur le
                 logiciel :
          
            <list>
               <item>
                  <bullet>1 </bullet> Produire ou reproduire la totalité ou une partie importante;</item>
               <item>
                  <bullet>2 </bullet> Exécuter ou représenter la totalité ou une partie
                 importante en public;</item>
               <item>
                  <bullet>3 </bullet> Publier la totalité ou une partie importante.
            </item>
            </list>
            <br/>
            <p>Cette licence est accordée sans limite territoriale et
             sans limite de temps.</p>
            <p>L'exercice complet de ces droits est sujet à la
             distribution par le concédant du code source du
             logiciel, lequel doit être sous une forme permettant
             d'y apporter des modifications. Le concédant peut
             aussi distribuer le logiciel accompagné d'une offre de
             distribuer le code source du logiciel, sans frais
             supplémentaires, autres que ceux raisonnables afin de
             permettre la livraison du code source. Cette offre
             doit être valide pendant une durée raisonnable.</p>
        </item>
        <item>
            <bullet>4.</bullet>
          Distribution
            <br/>Le licencié peut distribuer des copies du logiciel,
                 d'un logiciel modifié ou dérivé, sous réserve
                 de respecter les conditions suivantes :
          
          <list>
               <item>
                  <bullet>1 </bullet> Le logiciel doit être accompagné d'un exemplaire de
             cette licence;</item>
               <item>
                  <bullet>2 </bullet> Si le logiciel a été modifié, le licencié doit en
                 faire la mention, de préférence dans chacun
                 des fichiers modifiés dont la nature permet
                 une telle mention;</item>
               <item>
                  <bullet>3 </bullet> Les étiquettes ou mentions faisant état des
                 droits d'auteur, des marques de commerce, des
                 garanties ou de la paternité concernant le
                 logiciel ne doivent pas être modifiées ou
                 supprimées, à moins que ces étiquettes ou
                 mentions ne soient inapplicables à un logiciel
                 modifié ou dérivé donné.</item>
            </list>
        </item>
        <item>
            <bullet>4.1.</bullet>
          Réciprocité
            <br/>Chaque fois que le licencié distribue le logiciel,
                 le concédant offre au récipiendaire une
                 concession sur le logiciel selon les termes de
                 la présente licence. Le licencié doit offrir
                 une concession selon les termes de la présente
                 licence pour tout logiciel modifié qu'il
                 distribue.
          
          <p>Chaque fois que le licencié distribue le logiciel ou un
             logiciel modifié, ce dernier doit assumer l'obligation
             d'en distribuer le code source, de la manière prévue
             au troisième alinéa de l'article 3.</p>
        </item>
        <item>
            <bullet>4.2.</bullet>
          Compatibilité
            <br/>Dans la mesure où le licencié souhaite distribuer
                 un logiciel modifié combiné à un logiciel
                 assujetti à une licence compatible, mais dont
                 il ne serait pas possible d'en respecter les
                 termes, le concédant offre, en plus de la
                 présente concession, une concession selon les
                 termes de cette licence compatible.
          
          <p>Un licencié qui est titulaire exclusif du droit d'auteur
             sur le logiciel assujetti à une licence compatible ne
             peut pas se prévaloir de cette offre. Il en est de
             même pour toute autre personne dûment autorisée à
             sous-licencier par le titulaire exclusif du droit
             d'auteur sur le logiciel assujetti à une licence
             compatible.</p>
            <p>Est considérée comme une licence compatible toute licence
             libre approuvée ou certifiée par la Free Software
             Foundation ou l'Open Source Initiative, dont le niveau
             de réciprocité est comparable ou supérieur à celui de
             la présente licence, sans toutefois être moindre,
             notamment :</p>
            <list>
               <item>
                  <bullet>1 </bullet> Common Development and Distribution License (CDDL-1.0)</item>
               <item>
                  <bullet>2 </bullet> Common Public License Version 1.0 (CPL-1.0)</item>
               <item>
                  <bullet>3 </bullet> Contrat de licence de logiciel libre CeCILL,
                 version 2.1 (CECILL-2.1)</item>
               <item>
                  <bullet>4 </bullet> Contrat de licence de logiciel libre CeCILL-C (CECILL-C)
            </item>
               <item>
                  <bullet>5 </bullet> Eclipse Public License - v 1.0 (EPL-1.0)</item>
               <item>
                  <bullet>6 </bullet> European Union Public License, version 1.1 (EUPL v. 1.1)
            </item>
               <item>
                  <bullet>7 </bullet> Licence Libre du Québec – Réciprocité forte
                 version 1.1 (LiLiQ-R+ 1.1)</item>
               <item>
                  <bullet>8 </bullet> GNU General Public License Version 2 (GNU GPLv2)</item>
               <item>
                  <bullet>9 </bullet> GNU General Public License Version 3 (GNU GPLv3)</item>
               <item>
                  <bullet>10 </bullet> GNU Lesser General Public License Version 2.1 (GNU LGPLv2.1)
            </item>
               <item>
                  <bullet>11 </bullet> GNU Lesser General Public License Version 3 (GNU LGPLv3)
            </item>
               <item>
                  <bullet>12 </bullet> Mozilla Public License Version 2.0 (MPL-2.0)</item>
            </list>
        </item>
        <item>
            <bullet>5.</bullet>
          Contributions
            <br/>Sous réserve d'une entente distincte, toute
                 contribution soumise par un contributeur au
                 concédant pour inclusion dans le logiciel sera
                 soumise aux termes de cette licence.
          
        </item>
        <item>
            <bullet>6.</bullet>
          Marques de commerce
            <br/>La licence n'accorde aucune permission particulière
                 qui permettrait d'utiliser les marques de
                 commerce du concédant, autre que celle requise
                 permettant d'identifier la provenance du
                 logiciel.
          
        </item>
        <item>
            <bullet>7.</bullet>
          Garanties
            <br/>Sauf mention contraire, le concédant distribue le
                 logiciel sans aucune garantie, aux risques et
                 périls de l'acquéreur de la copie du logiciel,
                 et ce, sans assurer que le logiciel puisse
                 répondre à un besoin particulier ou puisse
                 donner un résultat quelconque.
          
          <p>Sans lier le concédant d'une quelconque manière, rien
             n'empêche un licencié d'offrir ou d'exclure des
             garanties ou du support.</p>
        </item>
        <item>
            <bullet>8.</bullet>
          Responsabilité
            <br/>Le licencié est responsable de tout préjudice
                 résultant de l'exercice des droits accordés
                 par la licence.
          
          <p>Le concédant ne saurait être tenu responsable du
             préjudice subi par le licencié ou par des tiers, pour
             quelque cause que ce soit en lien avec la licence et
             les droits qui y sont accordés.</p>
        </item>
        <item>
            <bullet>9.</bullet>
          Résiliation
            <br/>La présente licence est résiliée de plein droit dès
                 que les droits qui y sont accordés ne sont pas
                 exercés conformément aux termes qui y sont
                 stipulés.
          
          <p>Toutefois, si le défaut est corrigé dans un délai de 30
             jours de sa prise de connaissance par la personne en
             défaut, et qu'il s'agit du premier défaut, la licence
             est accordée de nouveau.</p>
            <p>Pour tout défaut subséquent, le consentement exprès du
             concédant est nécessaire afin que la licence soit
             accordée de nouveau.</p>
        </item>
        <item>
            <bullet>10.</bullet>
          Version de la licence
            <br/>Le Centre de services partagés du Québec, ses
                 ayants cause ou toute personne qu'il désigne,
                 peuvent diffuser des versions révisées ou
                 modifiées de cette licence. Chaque version
                 recevra un numéro unique. Si un logiciel est
                 déjà soumis aux termes d'une version
                 spécifique, c'est seulement cette version qui
                 liera les parties à la licence.
          
          <p>Le concédant peut aussi choisir de concéder la licence
             sous la version actuelle ou toute version ultérieure,
             auquel cas le licencié peut choisir sous quelle
             version la licence lui est accordée.</p>
        </item>
        <item>
            <bullet>11.</bullet>
          Divers
      <br/>Dans la mesure où le concédant est un ministère, un organisme
         public ou une personne morale de droit public, créés en vertu
         d'une loi de l'Assemblée nationale du Québec, la licence est
         régie par le droit applicable au Québec et en cas de
         contestation, les tribunaux du Québec seront seuls
         compétents.
      <p>La présente licence peut être distribuée sans conditions
         particulières. Toutefois, une version modifiée doit être
         distribuée sous un nom différent. Toute référence au Centre de
         services partagés du Québec, et, le cas échéant, ses ayant
         droit, doit être retirée, autre que celle permettant
         d'identifier la provenance de la licence.</p>
        </item>
      </list>
    </text>
   </license>
</SPDXLicenseCollection>