<?xml version="1.0" encoding="UTF-8"?>
<SPDXLicenseCollection xmlns="http://www.spdx.org/license">
  <license isOsiApproved="true" licenseId="MIT-0" name="MIT No Attribution">
    <crossRefs>
      <crossRef>https://github.com/aws/mit-0</crossRef>
      <crossRef>https://romanrm.net/mit-zero</crossRef>
      <crossRef>https://github.com/awsdocs/aws-cloud9-user-guide/blob/master/LICENSE-SAMPLECODE</crossRef>
    </crossRefs>
    <notes>
      This license is a modified version of the common MIT license,
      with the attribution paragraph removed.
    </notes>
    <text>
      <titleText>
        <p><alt name="title" match="The MIT-Zero License|MIT No Attribution|">MIT No Attribution</alt></p>
      </titleText>
      <copyrightText>
        <p>
          Copyright <alt name="copyright" match="(c)|"/> <alt match=".+" name="copyright">&lt;YEARr&gt; &lt;COPYRIGHT HOLDER&gt;</alt>
        </p>
      </copyrightText>

      <p>
        Permission is hereby granted, free of charge, to any person obtaining a copy of this
        software and associated documentation files (the "Software"), to deal in the Software
        without restriction, including without limitation the rights to use, copy, modify,
        merge, publish, distribute, sublicense, and/or sell copies of the Software, and to
        permit persons to whom the Software is furnished to do so.
      </p>
      <p>
        THE SOFTWARE IS PROVIDED "AS IS", WITHOUT WARRANTY OF ANY KIND, EXPRESS OR IMPLIED,
        INCLUDING BUT NOT LIMITED TO THE WARRANTIES OF MERCHANTABILITY, FITNESS FOR A
        PARTICULAR PURPOSE AND NONINFRINGEMENT. IN NO EVENT SHALL THE AUTHORS OR COPYRIGHT
        HOLDERS BE LIABLE FOR ANY CLAIM, DAMAGES OR OTHER LIABILITY, WHETHER IN AN ACTION
        OF CONTRACT, TORT OR OTHERWISE, ARISING FROM, OUT OF OR IN CONNECTION WITH THE
        SOFTWARE OR THE USE OR OTHER DEALINGS IN THE SOFTWARE.
      </p>
    </text>
  </license>
</SPDXLicenseCollection>
