<?xml version="1.0" encoding="UTF-8"?>
<SPDXLicenseCollection xmlns="http://www.spdx.org/license">
   <license isOsiApproved="false" licenseId="MIT-CMU" name="CMU License">
      <crossRefs>
         <crossRef>https://fedoraproject.org/wiki/Licensing:MIT?rd=Licensing/MIT#CMU_Style</crossRef>
      </crossRefs>
    <text>
      <copyrightText>
         <p>Copyright 1989, 1991, 1992 by Carnegie Mellon University</p>
         <p>Derivative Work - 1996, 1998-2000 Copyright 1996, 1998-2000 The Regents of the University of California</p>
         <p>All Rights Reserved</p>
      </copyrightText>
    
      <p>Permission to use, copy, modify and distribute this software and its documentation for any purpose and
         without fee is hereby granted, provided that the above copyright notice appears in all copies and that
         both that copyright notice and this permission notice appear in supporting documentation, and that the
         name of CMU and The Regents of the University of California not be used in advertising or publicity
         pertaining to distribution of the software without specific written permission.</p>
      <p>CMU AND THE REGENTS OF THE UNIVERSITY OF CALIFORNIA DISCLAIM ALL WARRANTIES WITH REGARD TO THIS SOFTWARE,
         INCLUDING ALL IMPLIED WARRANTIES OF MERCHANTABILITY AND FITNESS. IN NO EVENT SHALL CMU OR THE REGENTS
         OF THE UNIVERSITY OF CALIFORNIA BE LIABLE FOR ANY SPECIAL, INDIRECT OR CONSEQUENTIAL DAMAGES OR ANY
         DAMAGES WHATSOEVER RESULTING FROM THE LOSS OF USE, DATA OR PROFITS, WHETHER IN AN ACTION OF CONTRACT,
         NEGLIGENCE OR OTHER TORTIOUS ACTION, ARISING OUT OF OR IN CONNECTION WITH THE USE OR PERFORMANCE OF
         THIS SOFTWARE.</p>
    </text>
  </license>
</SPDXLicenseCollection>