<?xml version="1.0" encoding="UTF-8"?>
<SPDXLicenseCollection xmlns="http://www.spdx.org/license">
   <license isOsiApproved="false" licenseId="mpich2" name="mpich2 License">
      <crossRefs>
         <crossRef>https://fedoraproject.org/wiki/Licensing/MIT</crossRef>
      </crossRefs>
    <text>
      <copyrightText>
         <p>COPYRIGHT</p>
      </copyrightText>
    
      <p>The following is a notice of limited availability of the code, and disclaimer which must be included in
         the prologue of the code and in all source listings of the code.</p>
      <p>Copyright Notice 
        <br/>+ 2002 University of Chicago 
      </p>
      <p>Permission is hereby granted to use, reproduce, prepare derivative works, and to redistribute to others.
         This software was authored by:</p>
      <p>Argonne National Laboratory Group W. Gropp: (630) 252-4318; FAX: (630) 252-5986; e-mail:
         gropp@mcs.anl.gov E. Lusk: (630) 252-7852; FAX: (630) 252-5986; e-mail: lusk@mcs.anl.gov Mathematics
         and Computer Science Division Argonne National Laboratory, Argonne IL 60439</p>
      <p>GOVERNMENT LICENSE</p>
      <p>Portions of this material resulted from work developed under a U.S. Government Contract and are subject
         to the following license: the Government is granted for itself and others acting on its behalf a
         paid-up, nonexclusive, irrevocable worldwide license in this computer software to reproduce, prepare
         derivative works, and perform publicly and display publicly.</p>
      <p>DISCLAIMER</p>
      <p>This computer code material was prepared, in part, as an account of work sponsored by an agency of the
         United States Government. Neither the United States, nor the University of Chicago, nor any of their
         employees, makes any warranty express or implied, or assumes any legal liability or responsibility for
         the accuracy, completeness, or usefulness of any information, apparatus, product, or process
         disclosed, or represents that its use would not infringe privately owned rights.</p>
    </text>
  </license>
</SPDXLicenseCollection>