<?xml version="1.0" encoding="UTF-8"?>
<SPDXLicenseCollection xmlns="http://www.spdx.org/license">
   <license isOsiApproved="false" licenseId="Net-SNMP" listVersionAdded="2.6"
            name="Net-SNMP License">
      <crossRefs>
         <crossRef>http://net-snmp.sourceforge.net/about/license.html</crossRef>
      </crossRefs>
      <notes>This is the overall Net-SNMP license, which is comprised of several
         licenses which are referred to in totality by the notices in
         the source files.</notes>
    
    <text>
      <p>---- Part 1: CMU/UCD copyright notice: (BSD like) -----</p>
    
      <copyrightText>
         <p>Copyright 1989, 1991, 1992 by Carnegie Mellon University</p>
         <p>Derivative Work - 1996, 1998-2000 Copyright 1996, 1998-2000 The
         Regents of the University of California</p>
         <p>All Rights Reserved</p>
      </copyrightText>
    
      <p>Permission to use, copy, modify and distribute this software and
         its documentation for any purpose and without fee is hereby
         granted, provided that the above copyright notice appears in
         all copies and that both that copyright notice and this
         permission notice appear in supporting documentation, and that
         the name of CMU and The Regents of the University of
         California not be used in advertising or publicity pertaining
         to distribution of the software without specific written
         permission.</p>
      <p>CMU AND THE REGENTS OF THE UNIVERSITY OF CALIFORNIA DISCLAIM ALL
         WARRANTIES WITH REGARD TO THIS SOFTWARE, INCLUDING ALL IMPLIED
         WARRANTIES OF MERCHANTABILITY AND FITNESS. IN NO EVENT SHALL
         CMU OR THE REGENTS OF THE UNIVERSITY OF CALIFORNIA BE LIABLE
         FOR ANY SPECIAL, INDIRECT OR CONSEQUENTIAL DAMAGES OR ANY
         DAMAGES WHATSOEVER RESULTING FROM THE LOSS OF USE, DATA OR
         PROFITS, WHETHER IN AN ACTION OF CONTRACT, NEGLIGENCE OR OTHER
         TORTIOUS ACTION, ARISING OUT OF OR IN CONNECTION WITH THE USE
         OR PERFORMANCE OF THIS SOFTWARE.</p>
      <p>---- Part 2: Networks Associates Technology, Inc copyright notice
         (BSD) -----</p>
      <p>Copyright (c) 2001-2003, Networks Associates Technology, Inc All
         rights reserved. Redistribution and use in source and binary
         forms, with or without modification, are permitted provided
         that the following conditions are met:</p>
      <list>
        <item>
            <bullet>*</bullet>
          Redistributions of source code must retain the above
             copyright notice, this list of conditions and the
             following disclaimer.
        </item>
        <item>
            <bullet>*</bullet>
          Redistributions in binary form must reproduce the above
             copyright notice, this list of conditions and the
             following disclaimer in the documentation and/or other
             materials provided with the distribution.
        </item>
        <item>
            <bullet>*</bullet>
          Neither the name of the Networks Associates Technology,
             Inc nor the names of its contributors may be used to
             endorse or promote products derived from this software
             without specific prior written permission.
          <p>THIS SOFTWARE IS PROVIDED BY THE COPYRIGHT HOLDERS AND
             CONTRIBUTORS ``AS IS'' AND ANY EXPRESS OR IMPLIED
             WARRANTIES, INCLUDING, BUT NOT LIMITED TO, THE IMPLIED
             WARRANTIES OF MERCHANTABILITY AND FITNESS FOR A
             PARTICULAR PURPOSE ARE DISCLAIMED. IN NO EVENT SHALL
             THE COPYRIGHT HOLDERS OR CONTRIBUTORS BE LIABLE FOR
             ANY DIRECT, INDIRECT, INCIDENTAL, SPECIAL, EXEMPLARY,
             OR CONSEQUENTIAL DAMAGES (INCLUDING, BUT NOT LIMITED
             TO, PROCUREMENT OF SUBSTITUTE GOODS OR SERVICES; LOSS
             OF USE, DATA, OR PROFITS; OR BUSINESS INTERRUPTION)
             HOWEVER CAUSED AND ON ANY THEORY OF LIABILITY, WHETHER
             IN CONTRACT, STRICT LIABILITY, OR TORT (INCLUDING
             NEGLIGENCE OR OTHERWISE) ARISING IN ANY WAY OUT OF THE
             USE OF THIS SOFTWARE, EVEN IF ADVISED OF THE
             POSSIBILITY OF SUCH DAMAGE.</p>
            <p>---- Part 3: Cambridge Broadband Ltd. copyright notice
             (BSD) -----</p>
            <p>Portions of this code are copyright (c) 2001-2003,
             Cambridge Broadband Ltd. All rights reserved.
             Redistribution and use in source and binary forms,
             with or without modification, are permitted provided
             that the following conditions are met:</p>
        </item>
        <item>
            <bullet>*</bullet>
          Redistributions of source code must retain the above
             copyright notice, this list of conditions and the
             following disclaimer.
        </item>
        <item>
            <bullet>*</bullet>
          Redistributions in binary form must reproduce the above
             copyright notice, this list of conditions and the
             following disclaimer in the documentation and/or other
             materials provided with the distribution.
        </item>
        <item>
            <bullet>*</bullet>
          The name of Cambridge Broadband Ltd. may not be used to
             endorse or promote products derived from this software
             without specific prior written permission.
        </item>
      </list>
      <p>THIS SOFTWARE IS PROVIDED BY THE COPYRIGHT HOLDER ``AS IS'' AND
         ANY EXPRESS OR IMPLIED WARRANTIES, INCLUDING, BUT NOT LIMITED
         TO, THE IMPLIED WARRANTIES OF MERCHANTABILITY AND FITNESS FOR
         A PARTICULAR PURPOSE ARE DISCLAIMED. IN NO EVENT SHALL THE
         COPYRIGHT HOLDER BE LIABLE FOR ANY DIRECT, INDIRECT,
         INCIDENTAL, SPECIAL, EXEMPLARY, OR CONSEQUENTIAL DAMAGES
         (INCLUDING, BUT NOT LIMITED TO, PROCUREMENT OF SUBSTITUTE
         GOODS OR SERVICES; LOSS OF USE, DATA, OR PROFITS; OR BUSINESS
         INTERRUPTION) HOWEVER CAUSED AND ON ANY THEORY OF LIABILITY,
         WHETHER IN CONTRACT, STRICT LIABILITY, OR TORT (INCLUDING
         NEGLIGENCE OR OTHERWISE) ARISING IN ANY WAY OUT OF THE USE OF
         THIS SOFTWARE, EVEN IF ADVISED OF THE POSSIBILITY OF SUCH
         DAMAGE.</p>
      <p>---- Part 4: Sun Microsystems, Inc. copyright notice (BSD) -----</p>
    
      <copyrightText>
         <p>Copyright © 2003 Sun Microsystems, Inc., 4150 Network Circle,
         Santa Clara, California 95054, U.S.A. All rights reserved.</p>
      </copyrightText>
    
      <p>Use is subject to license terms below.</p>
      <p>This distribution may include materials developed by third parties.</p>
      <p>Sun, Sun Microsystems, the Sun logo and Solaris are trademarks or
         registered trademarks of Sun Microsystems, Inc. in the U.S.
         and other countries.</p>
      <p>Redistribution and use in source and binary forms, with or
         without modification, are permitted provided that the
         following conditions are met:</p>
      <list>
        <item>
            <bullet>*</bullet>
          Redistributions of source code must retain the above
             copyright notice, this list of conditions and the
             following disclaimer.
        </item>
        <item>
            <bullet>*</bullet>
          Redistributions in binary form must reproduce the above
             copyright notice, this list of conditions and the
             following disclaimer in the documentation and/or other
             materials provided with the distribution.
        </item>
        <item>
            <bullet>*</bullet>
          Neither the name of the Sun Microsystems, Inc. nor the
             names of its contributors may be used to endorse or
             promote products derived from this software without
             specific prior written permission.
          <p>THIS SOFTWARE IS PROVIDED BY THE COPYRIGHT HOLDERS AND
             CONTRIBUTORS ``AS IS'' AND ANY EXPRESS OR IMPLIED
             WARRANTIES, INCLUDING, BUT NOT LIMITED TO, THE IMPLIED
             WARRANTIES OF MERCHANTABILITY AND FITNESS FOR A
             PARTICULAR PURPOSE ARE DISCLAIMED. IN NO EVENT SHALL
             THE COPYRIGHT HOLDERS OR CONTRIBUTORS BE LIABLE FOR
             ANY DIRECT, INDIRECT, INCIDENTAL, SPECIAL, EXEMPLARY,
             OR CONSEQUENTIAL DAMAGES (INCLUDING, BUT NOT LIMITED
             TO, PROCUREMENT OF SUBSTITUTE GOODS OR SERVICES; LOSS
             OF USE, DATA, OR PROFITS; OR BUSINESS INTERRUPTION)
             HOWEVER CAUSED AND ON ANY THEORY OF LIABILITY, WHETHER
             IN CONTRACT, STRICT LIABILITY, OR TORT (INCLUDING
             NEGLIGENCE OR OTHERWISE) ARISING IN ANY WAY OUT OF THE
             USE OF THIS SOFTWARE, EVEN IF ADVISED OF THE
             POSSIBILITY OF SUCH DAMAGE.</p>
            <p>---- Part 5: Sparta, Inc copyright notice (BSD) -----</p>
            <p>Copyright (c) 2003-2009, Sparta, Inc All rights reserved.
             Redistribution and use in source and binary forms,
             with or without modification, are permitted provided
             that the following conditions are met:</p>
        </item>
        <item>
            <bullet>*</bullet>
          Redistributions of source code must retain the above
             copyright notice, this list of conditions and the
             following disclaimer.
        </item>
        <item>
            <bullet>*</bullet>
          Redistributions in binary form must reproduce the above
             copyright notice, this list of conditions and the
             following disclaimer in the documentation and/or other
             materials provided with the distribution.
        </item>
        <item>
            <bullet>*</bullet>
          Neither the name of Sparta, Inc nor the names of its
             contributors may be used to endorse or promote
             products derived from this software without specific
             prior written permission.
          <p>THIS SOFTWARE IS PROVIDED BY THE COPYRIGHT HOLDERS AND
             CONTRIBUTORS ``AS IS'' AND ANY EXPRESS OR IMPLIED
             WARRANTIES, INCLUDING, BUT NOT LIMITED TO, THE IMPLIED
             WARRANTIES OF MERCHANTABILITY AND FITNESS FOR A
             PARTICULAR PURPOSE ARE DISCLAIMED. IN NO EVENT SHALL
             THE COPYRIGHT HOLDERS OR CONTRIBUTORS BE LIABLE FOR
             ANY DIRECT, INDIRECT, INCIDENTAL, SPECIAL, EXEMPLARY,
             OR CONSEQUENTIAL DAMAGES (INCLUDING, BUT NOT LIMITED
             TO, PROCUREMENT OF SUBSTITUTE GOODS OR SERVICES; LOSS
             OF USE, DATA, OR PROFITS; OR BUSINESS INTERRUPTION)
             HOWEVER CAUSED AND ON ANY THEORY OF LIABILITY, WHETHER
             IN CONTRACT, STRICT LIABILITY, OR TORT (INCLUDING
             NEGLIGENCE OR OTHERWISE) ARISING IN ANY WAY OUT OF THE
             USE OF THIS SOFTWARE, EVEN IF ADVISED OF THE
             POSSIBILITY OF SUCH DAMAGE.</p>
            <p>---- Part 6: Cisco/BUPTNIC copyright notice (BSD) -----</p>
            <p>Copyright (c) 2004, Cisco, Inc and Information Network
             Center of Beijing University of Posts and
             Telecommunications. All rights reserved.
             Redistribution and use in source and binary forms,
             with or without modification, are permitted provided
             that the following conditions are met:</p>
        </item>
        <item>
            <bullet>*</bullet>
          Redistributions of source code must retain the above
             copyright notice, this list of conditions and the
             following disclaimer.
        </item>
        <item>
            <bullet>*</bullet>
          Redistributions in binary form must reproduce the above
             copyright notice, this list of conditions and the
             following disclaimer in the documentation and/or other
             materials provided with the distribution.
        </item>
        <item>
            <bullet>*</bullet>
          Neither the name of Cisco, Inc, Beijing University of
             Posts and Telecommunications, nor the names of their
             contributors may be used to endorse or promote
             products derived from this software without specific
             prior written permission.
        </item>
      </list>
      <p>THIS SOFTWARE IS PROVIDED BY THE COPYRIGHT HOLDERS AND
         CONTRIBUTORS ``AS IS'' AND ANY EXPRESS OR IMPLIED WARRANTIES,
         INCLUDING, BUT NOT LIMITED TO, THE IMPLIED WARRANTIES OF
         MERCHANTABILITY AND FITNESS FOR A PARTICULAR PURPOSE ARE
         DISCLAIMED. IN NO EVENT SHALL THE COPYRIGHT HOLDERS OR
         CONTRIBUTORS BE LIABLE FOR ANY DIRECT, INDIRECT, INCIDENTAL,
         SPECIAL, EXEMPLARY, OR CONSEQUENTIAL DAMAGES (INCLUDING, BUT
         NOT LIMITED TO, PROCUREMENT OF SUBSTITUTE GOODS OR SERVICES;
         LOSS OF USE, DATA, OR PROFITS; OR BUSINESS INTERRUPTION)
         HOWEVER CAUSED AND ON ANY THEORY OF LIABILITY, WHETHER IN
         CONTRACT, STRICT LIABILITY, OR TORT (INCLUDING NEGLIGENCE OR
         OTHERWISE) ARISING IN ANY WAY OUT OF THE USE OF THIS SOFTWARE,
         EVEN IF ADVISED OF THE POSSIBILITY OF SUCH DAMAGE.</p>
      <p>---- Part 7: Fabasoft R&amp;D Software GmbH &amp; Co KG copyright
         notice (BSD) -----</p>
    
      <copyrightText>
         <p>Copyright (c) Fabasoft R&amp;D Software GmbH &amp; Co KG, 2003
         oss@fabasoft.com Author: Bernhard Penz</p>
      </copyrightText>
    
      <p>Redistribution and use in source and binary forms, with or
         without modification, are permitted provided that the
         following conditions are met:</p>
      <list>
        <item>
            <bullet>*</bullet>
          Redistributions of source code must retain the above
             copyright notice, this list of conditions and the
             following disclaimer.
        </item>
        <item>
            <bullet>*</bullet>
          Redistributions in binary form must reproduce the above
             copyright notice, this list of conditions and the
             following disclaimer in the documentation and/or other
             materials provided with the distribution.
        </item>
        <item>
            <bullet>*</bullet>
          The name of Fabasoft R&amp;D Software GmbH &amp; Co KG or
             any of its subsidiaries, brand or product names may
             not be used to endorse or promote products derived
             from this software without specific prior written
             permission.
        </item>
      </list>
      <p>THIS SOFTWARE IS PROVIDED BY THE COPYRIGHT HOLDER ``AS IS'' AND
         ANY EXPRESS OR IMPLIED WARRANTIES, INCLUDING, BUT NOT LIMITED
         TO, THE IMPLIED WARRANTIES OF MERCHANTABILITY AND FITNESS FOR
         A PARTICULAR PURPOSE ARE DISCLAIMED. IN NO EVENT SHALL THE
         COPYRIGHT HOLDER BE LIABLE FOR ANY DIRECT, INDIRECT,
         INCIDENTAL, SPECIAL, EXEMPLARY, OR CONSEQUENTIAL DAMAGES
         (INCLUDING, BUT NOT LIMITED TO, PROCUREMENT OF SUBSTITUTE
         GOODS OR SERVICES; LOSS OF USE, DATA, OR PROFITS; OR BUSINESS
         INTERRUPTION) HOWEVER CAUSED AND ON ANY THEORY OF LIABILITY,
         WHETHER IN CONTRACT, STRICT LIABILITY, OR TORT (INCLUDING
         NEGLIGENCE OR OTHERWISE) ARISING IN ANY WAY OUT OF THE USE OF
         THIS SOFTWARE, EVEN IF ADVISED OF THE POSSIBILITY OF SUCH
         DAMAGE.</p>
      <p>---- Part 8: Apple Inc. copyright notice (BSD) -----</p>
    
      <copyrightText>
         <p>Copyright (c) 2007 Apple Inc. All rights reserved.</p>
      </copyrightText>
    
      <p>Redistribution and use in source and binary forms, with or
         without modification, are permitted provided that the
         following conditions are met:</p>
      <list>
        <item>
            <bullet>1.</bullet>
          Redistributions of source code must retain the above
             copyright notice, this list of conditions and the
             following disclaimer.
        </item>
        <item>
            <bullet>2.</bullet>
          Redistributions in binary form must reproduce the above
             copyright notice, this list of conditions and the
             following disclaimer in the documentation and/or other
             materials provided with the distribution.
        </item>
        <item>
            <bullet>3.</bullet>
          Neither the name of Apple Inc. ("Apple") nor the names of
             its contributors may be used to endorse or promote
             products derived from this software without specific
             prior written permission.
          <p>THIS SOFTWARE IS PROVIDED BY APPLE AND ITS CONTRIBUTORS
             "AS IS" AND ANY EXPRESS OR IMPLIED WARRANTIES,
             INCLUDING, BUT NOT LIMITED TO, THE IMPLIED WARRANTIES
             OF MERCHANTABILITY AND FITNESS FOR A PARTICULAR
             PURPOSE ARE DISCLAIMED. IN NO EVENT SHALL APPLE OR ITS
             CONTRIBUTORS BE LIABLE FOR ANY DIRECT, INDIRECT,
             INCIDENTAL, SPECIAL, EXEMPLARY, OR CONSEQUENTIAL
             DAMAGES (INCLUDING, BUT NOT LIMITED TO, PROCUREMENT OF
             SUBSTITUTE GOODS OR SERVICES; LOSS OF USE, DATA, OR
             PROFITS; OR BUSINESS INTERRUPTION) HOWEVER CAUSED AND
             ON ANY THEORY OF LIABILITY, WHETHER IN CONTRACT,
             STRICT LIABILITY, OR TORT (INCLUDING NEGLIGENCE OR
             OTHERWISE) ARISING IN ANY WAY OUT OF THE USE OF THIS
             SOFTWARE, EVEN IF ADVISED OF THE POSSIBILITY OF SUCH
             DAMAGE.</p>
            <p>---- Part 9: ScienceLogic, LLC copyright notice (BSD) -----</p>
            <p>Copyright (c) 2009, ScienceLogic, LLC All rights
             reserved. Redistribution and use in source and binary
             forms, with or without modification, are permitted
             provided that the following conditions are met:</p>
        </item>
        <item>
            <bullet>*</bullet>
          Redistributions of source code must retain the above
             copyright notice, this list of conditions and the
             following disclaimer.
        </item>
        <item>
            <bullet>*</bullet>
          Redistributions in binary form must reproduce the above
             copyright notice, this list of conditions and the
             following disclaimer in the documentation and/or other
             materials provided with the distribution.
        </item>
        <item>
            <bullet>*</bullet>
          Neither the name of ScienceLogic, LLC nor the names of
             its contributors may be used to endorse or promote
             products derived from this software without specific
             prior written permission.
        </item>
      </list>
      <p>THIS SOFTWARE IS PROVIDED BY THE COPYRIGHT HOLDERS AND
         CONTRIBUTORS ``AS IS'' AND ANY EXPRESS OR IMPLIED WARRANTIES,
         INCLUDING, BUT NOT LIMITED TO, THE IMPLIED WARRANTIES OF
         MERCHANTABILITY AND FITNESS FOR A PARTICULAR PURPOSE ARE
         DISCLAIMED. IN NO EVENT SHALL THE COPYRIGHT HOLDERS OR
         CONTRIBUTORS BE LIABLE FOR ANY DIRECT, INDIRECT, INCIDENTAL,
         SPECIAL, EXEMPLARY, OR CONSEQUENTIAL DAMAGES (INCLUDING, BUT
         NOT LIMITED TO, PROCUREMENT OF SUBSTITUTE GOODS OR SERVICES;
         LOSS OF USE, DATA, OR PROFITS; OR BUSINESS INTERRUPTION)
         HOWEVER CAUSED AND ON ANY THEORY OF LIABILITY, WHETHER IN
         CONTRACT, STRICT LIABILITY, OR TORT (INCLUDING NEGLIGENCE OR
         OTHERWISE) ARISING IN ANY WAY OUT OF THE USE OF THIS SOFTWARE,
         EVEN IF ADVISED OF THE POSSIBILITY OF SUCH DAMAGE.</p>
    </text>
  </license>
</SPDXLicenseCollection>