<?xml version="1.0" encoding="UTF-8"?>
<SPDXLicenseCollection xmlns="http://www.spdx.org/license">
   <license isDeprecated="true" deprecatedVersion="3.0" licenseId="Nunit" name="Nunit License">
      <obsoletedBys>
         <obsoletedBy>zlib-acknowledgement</obsoletedBy>
      </obsoletedBys>
      <crossRefs>
         <crossRef>https://fedoraproject.org/wiki/Licensing/Nunit</crossRef>
      </crossRefs>
    <text>
      <copyrightText>
         <p>Copyright © 2002-2004 James W. Newkirk, Michael C. Two, Alexei A. Vorontsov, Charlie Poole 
        <br/>Copyright © 2000-2004 Philip A. Craig 
      </p>
      </copyrightText>
    
      <p>This software is provided 'as-is', without any express or implied warranty. In no event will the authors
         be held liable for any damages arising from the use of this software.</p>
      <p>Permission is granted to anyone to use this software for any purpose, including commercial applications,
         and to alter it and redistribute it freely, subject to the following restrictions:</p>
      <list>
        <item>
            <bullet>1.</bullet>
          The origin of this software must not be misrepresented; you must not claim that you wrote the
             original software. If you use this software in a product, an acknowledgment (see the
             following) in the product documentation is required.
          <p>Portions Copyright © 2002-2004 James W. Newkirk, Michael C. Two, Alexei A. Vorontsov, Charlie
             Poole or Copyright © 2000-2004 Philip A. Craig</p>
        </item>
        <item>
            <bullet>2.</bullet>
          Altered source versions must be plainly marked as such, and must not be misrepresented as being
             the original software.
        </item>
        <item>
            <bullet>3.</bullet>
          This notice may not be removed or altered from any source distribution.
        </item>
      </list>
    </text>
  </license>
</SPDXLicenseCollection>
