<?xml version="1.0" encoding="UTF-8"?>
<SPDXLicenseCollection xmlns="http://www.spdx.org/license">
   <license isOsiApproved="false" licenseId="OFL-1.0" name="SIL Open Font License 1.0">
      <crossRefs>
         <crossRef>http://scripts.sil.org/cms/scripts/page.php?item_id=OFL10_web</crossRef>
      </crossRefs>
      <notes>This license has been superseded. This license was released in November 2005.</notes>
    <text>
      <titleText>
         <p>SIL OPEN FONT LICENSE</p>
         <p>Version 1.0 - 22 November 2005</p>
      </titleText>
      <p>PREAMBLE</p>
      <p>The goals of the Open Font License (OFL) are to stimulate worldwide development of cooperative font
         projects, to support the font creation efforts of academic and linguistic communities, and to provide
         an open framework in which fonts may be shared and improved in partnership with others.</p>
      <p>The OFL allows the licensed fonts to be used, studied, modified and redistributed freely as long as they
         are not sold by themselves. The fonts, including any derivative works, can be bundled, embedded,
         redistributed and sold with any software provided that the font names of derivative works are changed.
         The fonts and derivatives, however, cannot be released under any other type of license.</p>
    
      <p>DEFINITIONS</p>
      <p>"Font Software" refers to any and all of the following:</p>
      <list>
        <item>
            <bullet>-</bullet>
          font files
        </item>
        <item>
            <bullet>-</bullet>
          data files
        </item>
        <item>
            <bullet>-</bullet>
          source code
        </item>
        <item>
            <bullet>-</bullet>
          build scripts
        </item>
        <item>
            <bullet>-</bullet>
          documentation
        </item>
      </list>    
      <p>"Reserved Font Name" refers to the Font Software name as seen by users and any other names as
         specified after the copyright statement.</p>
      <p>"Standard Version" refers to the collection of Font Software components as distributed by the
         Copyright Holder.</p>
      <p>"Modified Version" refers to any derivative font software made by adding to, deleting, or
         substituting — in part or in whole -- any of the components of the Standard Version, by
         changing formats or by porting the Font Software to a new environment.</p>
      <p>"Author" refers to any designer, engineer, programmer, technical writer or other person who
         contributed to the Font Software.</p>
      <p>PERMISSION &amp; CONDITIONS</p>
      <p>Permission is hereby granted, free of charge, to any person obtaining a copy of the Font
         Software, to use, study, copy, merge, embed, modify, redistribute, and sell modified and
         unmodified copies of the Font Software, subject to the following conditions:</p>
      <list>
        <item>      
            <bullet>1)</bullet>
          Neither the Font Software nor any of its individual components, in Standard or Modified Versions,
             may be sold by itself.
        </item>
        <item>
            <bullet>2)</bullet>
          Standard or Modified Versions of the Font Software may be bundled, redistributed and sold with
             any software, provided that each copy contains the above copyright notice and this license.
             These can be included either as stand-alone text files, human-readable headers or in the
             appropriate machine-readable metadata fields within text or binary files as long as those
             fields can be easily viewed by the user.
        </item>
        <item>
            <bullet>3)</bullet>
          No Modified Version of the Font Software may use the Reserved Font Name(s), in part or in whole,
             unless explicit written permission is granted by the Copyright Holder. This restriction
             applies to all references stored in the Font Software, such as the font menu name and other
             font description fields, which are used to differentiate the font from others.
        </item>
        <item>
            <bullet>4)</bullet>
          The name(s) of the Copyright Holder or the Author(s) of the Font Software shall not be used to
             promote, endorse or advertise any Modified Version, except to acknowledge the contribution(s)
             of the Copyright Holder and the Author(s) or with their explicit written permission.
        </item>
        <item>
            <bullet>5)</bullet>
          The Font Software, modified or unmodified, in part or in whole, must be distributed using this
             license, and may not be distributed under any other license.
        </item>
      </list>
      <p>TERMINATION</p>
      <p>This license becomes null and void if any of the above conditions are not met.</p>
      <p>DISCLAIMER</p>
      <p>THE FONT SOFTWARE IS PROVIDED "AS IS", WITHOUT WARRANTY OF ANY KIND, EXPRESS OR IMPLIED, INCLUDING BUT
         NOT LIMITED TO ANY WARRANTIES OF MERCHANTABILITY, FITNESS FOR A PARTICULAR PURPOSE AND NONINFRINGEMENT
         OF COPYRIGHT, PATENT, TRADEMARK, OR OTHER RIGHT. IN NO EVENT SHALL THE COPYRIGHT HOLDER BE LIABLE FOR
         ANY CLAIM, DAMAGES OR OTHER LIABILITY, INCLUDING ANY GENERAL, SPECIAL, INDIRECT, INCIDENTAL, OR
         CONSEQUENTIAL DAMAGES, WHETHER IN AN ACTION OF CONTRACT, TORT OR OTHERWISE, ARISING FROM, OUT OF THE
         USE OR INABILITY TO USE THE FONT SOFTWARE OR FROM OTHER DEALINGS IN THE FONT SOFTWARE.</p>
    </text>
  </license>
</SPDXLicenseCollection>