<?xml version="1.0" encoding="UTF-8"?>
<SPDXLicenseCollection xmlns="http://www.spdx.org/license">
   <license isOsiApproved="false" licenseId="Rdisc" name="Rdisc License">
      <crossRefs>
         <crossRef>https://fedoraproject.org/wiki/Licensing/Rdisc_License</crossRef>
      </crossRefs>
    <text>
      <p>Rdisc (this program) was developed by Sun Microsystems, Inc. and is provided for unrestricted use
         provided that this legend is included on all tape media and as a part of the software program in whole
         or part. Users may copy or modify Rdisc without charge, and they may freely distribute it.</p>
      <p>RDISC IS PROVIDED AS IS WITH NO WARRANTIES OF ANY KIND INCLUDING THE WARRANTIES OF DESIGN,
         MERCHANTIBILITY AND FITNESS FOR A PARTICULAR PURPOSE, OR ARISING FROM A COURSE OF DEALING, USAGE OR
         TRADE PRACTICE.</p>
      <p>Rdisc is provided with no support and without any obligation on the part of Sun Microsystems, Inc. to
         assist in its use, correction, modification or enhancement.</p>
      <p>SUN MICROSYSTEMS, INC. SHALL HAVE NO LIABILITY WITH RESPECT TO THE INFRINGEMENT OF COPYRIGHTS, TRADE
         SECRETS OR ANY PATENTS BY RDISC OR ANY PART THEREOF.</p>
      <p>In no event will Sun Microsystems, Inc. be liable for any lost revenue or profits or other special,
         indirect and consequential damages, even if Sun has been advised of the possibility of such
         damages.</p>
      <p>Sun Microsystems, Inc. 
        <br/>2550 Garcia Avenue 
        <br/>Mountain View, California 94043 
      </p>
    </text>
  </license>
</SPDXLicenseCollection>