<?xml version="1.0" encoding="UTF-8"?>
<SPDXLicenseCollection xmlns="http://www.spdx.org/license">
   <license isOsiApproved="false" licenseId="RSA-MD" name="RSA Message-Digest License ">
      <crossRefs>
         <crossRef>http://www.faqs.org/rfcs/rfc1321.html</crossRef>
      </crossRefs>
    <text>
      <copyrightText>
         <p>Copyright (C) 1991-2, RSA Data Security, Inc. Created 1991. All rights reserved.</p>
      </copyrightText>
    
      <p>License to copy and use this software is granted provided that it is identified as the "RSA Data
         Security, Inc. 
        <alt match="(MD5|MD4)" name="algorithm">MD5</alt> Message-Digest Algorithm" in all material mentioning
        or referencing this software or this function. 
      </p>
      <p>License is also granted to make and use derivative works provided that such works are identified as
         "derived from the RSA Data Security, Inc. 
        <alt match="(MD5|MD4)" name="algorithm">MD5</alt> Message-Digest Algorithm" in all material mentioning
        or referencing the derived work. 
      </p>
      <p>RSA Data Security, Inc. makes no representations concerning either the merchantability of this software
         or the suitability of this software for any particular purpose. It is provided "as is" without express
         or implied warranty of any kind.</p>
      <p>These notices must be retained in any copies of any part of this documentation and/or software.</p>
    </text>
  </license>
</SPDXLicenseCollection>