<?xml version="1.0" encoding="UTF-8"?>
<SPDXLicenseCollection xmlns="http://www.spdx.org/license">
   <license isOsiApproved="false" licenseId="Saxpath" name="Saxpath License">
      <crossRefs>
         <crossRef>https://fedoraproject.org/wiki/Licensing/Saxpath_License</crossRef>
      </crossRefs>
    <text>
      <copyrightText>
         <p>Copyright (C) 2000-2002 werken digital. 
        <br/>All rights reserved. 
      </p>
      </copyrightText>
    
      <p>Redistribution and use in source and binary forms, with or without modification, are permitted provided
         that the following conditions are met:</p>
      <list>
        <item>
            <bullet>1.</bullet>
          Redistributions of source code must retain the above copyright notice, this list of conditions,
             and the following disclaimer.
        </item>
        <item>
            <bullet>2.</bullet>
          Redistributions in binary form must reproduce the above copyright notice, this list of
             conditions, and the disclaimer that follows these conditions in the documentation and/or other
             materials provided with the distribution.
        </item>
        <item>
            <bullet>3.</bullet>
          The name "SAXPath" must not be used to endorse or promote products derived from this software
             without prior written permission. For written permission, please contact
             license@saxpath.org.
        </item>
        <item>
            <bullet>4.</bullet>
          Products derived from this software may not be called "SAXPath", nor may "SAXPath" appear in
             their name, without prior written permission from the SAXPath Project Management
             (pm@saxpath.org).
        </item>
      </list>
      <p>In addition, we request (but do not require) that you include in the end-user documentation provided with
         the redistribution and/or in the software itself an acknowledgement equivalent to the following: 
        <br/>"This product includes software developed by the SAXPath Project (http://www.saxpath.org/)." 
      </p>
      <p>Alternatively, the acknowledgment may be graphical using the logos available at http://www.saxpath.org/</p>
      <p>THIS SOFTWARE IS PROVIDED ``AS IS'' AND ANY EXPRESSED OR IMPLIED WARRANTIES, INCLUDING, BUT NOT LIMITED
         TO, THE IMPLIED WARRANTIES OF MERCHANTABILITY AND FITNESS FOR A PARTICULAR PURPOSE ARE DISCLAIMED. IN
         NO EVENT SHALL THE SAXPath AUTHORS OR THE PROJECT CONTRIBUTORS BE LIABLE FOR ANY DIRECT, INDIRECT,
         INCIDENTAL, SPECIAL, EXEMPLARY, OR CONSEQUENTIAL DAMAGES (INCLUDING, BUT NOT LIMITED TO, PROCUREMENT
         OF SUBSTITUTE GOODS OR SERVICES; LOSS OF USE, DATA, OR PROFITS; OR BUSINESS INTERRUPTION) HOWEVER
         CAUSED AND ON ANY THEORY OF LIABILITY, WHETHER IN CONTRACT, STRICT LIABILITY, OR TORT (INCLUDING
         NEGLIGENCE OR OTHERWISE) ARISING IN ANY WAY OUT OF THE USE OF THIS SOFTWARE, EVEN IF ADVISED OF THE
         POSSIBILITY OF SUCH DAMAGE.</p>
    </text>
  </license>
</SPDXLicenseCollection>