<?xml version="1.0" encoding="UTF-8"?>
<SPDXLicenseCollection xmlns="http://www.spdx.org/license">
   <license isOsiApproved="false" licenseId="SGI-B-2.0"
            name="SGI Free Software License B v2.0">
      <crossRefs>
         <crossRef>http://oss.sgi.com/projects/FreeB/SGIFreeSWLicB.2.0.pdf</crossRef>
      </crossRefs>
      <notes>This license was released 18 Sept 2008</notes>
    <text>
      <titleText>
         <p>SGI FREE SOFTWARE LICENSE B 
        <br/>(Version 2.0, Sept. 18, 2008) 
      </p>
      </titleText>
      <copyrightText>
         <p>Copyright (C) [dates of first publication] Silicon Graphics, Inc. All Rights Reserved.</p>
      </copyrightText>
    
      <p>Permission is hereby granted, free of charge, to any person obtaining a copy of this software and
         associated documentation files (the "Software"), to deal in the Software without restriction,
         including without limitation the rights to use, copy, modify, merge, publish, distribute, sublicense,
         and/or sell copies of the Software, and to permit persons to whom the Software is furnished to do so,
         subject to the following conditions:</p>
      <p>The above copyright notice including the dates of first publication and either this permission notice or
         a reference to http://oss.sgi.com/projects/FreeB/ shall be included in all copies or substantial
         portions of the Software.</p>
      <p>THE SOFTWARE IS PROVIDED "AS IS", WITHOUT WARRANTY OF ANY KIND, EXPRESS OR IMPLIED, INCLUDING BUT NOT
         LIMITED TO THE WARRANTIES OF MERCHANTABILITY, FITNESS FOR A PARTICULAR PURPOSE AND NONINFRINGEMENT. IN
         NO EVENT SHALL SILICON GRAPHICS, INC. BE LIABLE FOR ANY CLAIM, DAMAGES OR OTHER LIABILITY, WHETHER IN
         AN ACTION OF CONTRACT, TORT OR OTHERWISE, ARISING FROM, OUT OF OR IN CONNECTION WITH THE SOFTWARE OR
         THE USE OR OTHER DEALINGS IN THE SOFTWARE.</p>
      <p>Except as contained in this notice, the name of Silicon Graphics, Inc. shall not be used in advertising
         or otherwise to promote the sale, use or other dealings in this Software without prior written
         authorization from Silicon Graphics, Inc.</p>
    </text>
  </license>
</SPDXLicenseCollection>