<?xml version="1.0" encoding="UTF-8"?>
<SPDXLicenseCollection xmlns="http://www.spdx.org/license">
   <license isOsiApproved="false" licenseId="Spencer-86" name="Spencer License 86">
      <crossRefs>
         <crossRef>https://fedoraproject.org/wiki/Licensing/Henry_Spencer_Reg-Ex_Library_License</crossRef>
      </crossRefs>
    <text>
      <copyrightText>
         <p>Copyright (c) 1986 by University of Toronto. Written by Henry Spencer. Not derived from licensed software.</p>
      </copyrightText>
    
      <p>Permission is granted to anyone to use this software for any purpose on any computer system, and to
         redistribute it freely, subject to the following restrictions:</p>
      <list>
        <item>
            <bullet>1.</bullet>
          The author is not responsible for the consequences of use of this software, no matter how awful,
             even if they arise from defects in it.
        </item>
        <item>
            <bullet>2.</bullet>
          The origin of this software must not be misrepresented, either by explicit claim or by omission.
        </item>
        <item>
            <bullet>3.</bullet>
          Altered versions must be plainly marked as such, and must not be misrepresented as being the
             original software.
        </item>
      </list>
    </text>
  </license>
</SPDXLicenseCollection>