<?xml version="1.0" encoding="UTF-8"?>
<SPDXLicenseCollection xmlns="http://www.spdx.org/license">
   <license isOsiApproved="false" licenseId="Spencer-94" name="Spencer License 94">
      <crossRefs>
         <crossRef>https://fedoraproject.org/wiki/Licensing/Henry_Spencer_Reg-Ex_Library_License</crossRef>
      </crossRefs>
    <text>
      <titleText>
         <p>Copyright 1992, 1993, 1994 Henry Spencer. All rights reserved.</p>
      </titleText>
    
      <p>This software is not subject to any license of the American Telephone and Telegraph Company or of the
         Regents of the University of California.
      <br/>Permission is granted to anyone to use this software for any purpose on any computer system, and to alter it
         and redistribute it, subject to the following restrictions:</p>
      <list>
        <item>
            <bullet>1.</bullet>
          The author is not responsible for the consequences of use of this software, no matter how awful, even
             if they arise from flaws in it.
        </item>
        <item>
            <bullet>2.</bullet>
          The origin of this software must not be misrepresented, either by explicit claim or by omission.
             Since few users ever read sources, credits must appear in the documentation.
        </item>
        <item>
            <bullet>3.</bullet>
          Altered versions must be plainly marked as such, and must not be misrepresented as being the original
             software. Since few users ever read sources, credits must appear in the documentation.
        </item>
        <item>
            <bullet>4.</bullet>
          This notice may not be removed or altered.
        </item>
      </list>
    </text>
  </license>
</SPDXLicenseCollection>