<?xml version="1.0" encoding="UTF-8"?>
<SPDXLicenseCollection xmlns="http://www.spdx.org/license">
  <license licenseId="TU-Berlin-1.0" name="Technische Universitaet Berlin License 1.0" isOsiApproved="false" listVersionAdded="3.2">
    <crossRefs>
      <crossRef>https://github.com/swh/ladspa/blob/7bf6f3799fdba70fda297c2d8fd9f526803d9680/gsm/COPYRIGHT</crossRef>
    </crossRefs>
    <text>
      <copyrightText>
        <p>Copyright 
		      <alt match=".+" name="copyrightYears">1992, 1993, 1994</alt> by Jutta Degener and Carsten Bormann,
	      </p>
        <p>Technische Universitaet Berlin</p>
      </copyrightText>
    
      <p>
        Any use of this software is permitted provided that this notice is not
        removed and that neither the authors nor the Technische Universitaet Berlin
        are deemed to have made any representations as to the suitability of this
        software for any purpose nor are held responsible for any defects of
        this software.  THERE IS ABSOLUTELY NO WARRANTY FOR THIS SOFTWARE.
      </p>
      <p>
        As a matter of courtesy, the authors request to be informed about uses
        this software has found, about bugs in this software, and about any
        improvements that may be of general interest.
      </p>

      <optional>
        <p>Berlin, <alt match=".+" name="footerDate">28.11.1994</alt></p>
        <p>Jutta Degener</p>
        <p>Carsten Bormann</p>
      </optional>
    </text>
  </license>
</SPDXLicenseCollection>
