<?xml version="1.0" encoding="UTF-8"?>
<SPDXLicenseCollection xmlns="http://www.spdx.org/license">
   <license isOsiApproved="false" licenseId="Unicode-TOU" name="Unicode Terms of Use">
      <crossRefs>
         <crossRef>http://www.unicode.org/copyright.html</crossRef>
      </crossRefs>
    <text>
      <titleText>
         <p>Unicode Terms of Use</p>
      </titleText>
    
      <p>For the general privacy policy governing access to this site, see the Unicode Privacy Policy. For
         trademark usage, see the Unicode® Consortium Name and Trademark Usage Policy.</p>
      <list>
        <item>
            <bullet>A.</bullet>
          Unicode Copyright.
          <list>
               <item>
                  <bullet>1.</bullet>
              Copyright © 1991-2014 Unicode, Inc. All rights reserved.
            </item>
               <item>
                  <bullet>2.</bullet>
              Certain documents and files on this website contain a legend indicating that "Modification is
                 permitted." Any person is hereby authorized, without fee, to modify such documents and files
                 to create derivative works conforming to the Unicode® Standard, subject to Terms and
                 Conditions herein.
            </item>
               <item>
                  <bullet>3.</bullet>
              Any person is hereby authorized, without fee, to view, use, reproduce, and distribute all
                 documents and files solely for informational purposes in the creation of products supporting
                 the Unicode Standard, subject to the Terms and Conditions herein.
            </item>
               <item>
                  <bullet>4.</bullet>
              Further specifications of rights and restrictions pertaining to the use of the particular set of
                 data files known as the "Unicode Character Database" can be found in Exhibit 1.
            </item>
               <item>
                  <bullet>5.</bullet>
              Each version of the Unicode Standard has further specifications of rights and restrictions of
                 use. For the book editions (Unicode 5.0 and earlier), these are found on the back of the title
                 page. The online code charts carry specific restrictions. All other files, including online
                 documentation of the core specification for Unicode 6.0 and later, are covered under these
                 general Terms of Use.
            </item>
               <item>
                  <bullet>6.</bullet>
              No license is granted to "mirror" the Unicode website where a fee is charged for access to the
                 "mirror" site.
            </item>
               <item>
                  <bullet>7.</bullet>
              Modification is not permitted with respect to this document. All copies of this document must be
                 verbatim.
            </item>
            </list>
        </item>
        <item>
            <bullet>B.</bullet>
          Restricted Rights Legend. Any technical data or software which is licensed to the United States
             of America, its agencies and/or instrumentalities under this Agreement is commercial technical
             data or commercial computer software developed exclusively at private expense as defined in
             FAR 2.101, or DFARS 252.227-7014 (June 1995), as applicable. For technical data, use,
             duplication, or disclosure by the Government is subject to restrictions as set forth in DFARS
             202.227-7015 Technical Data, Commercial and Items (Nov 1995) and this Agreement. For Software,
             in accordance with FAR 12-212 or DFARS 227-7202, as applicable, use, duplication or disclosure
             by the Government is subject to the restrictions set forth in this Agreement.
        </item>
        <item>
            <bullet>C.</bullet>
          Warranties and Disclaimers.
          <list>
               <item>
                  <bullet>1.</bullet>
              This publication and/or website may include technical or typographical errors or other
                 inaccuracies . Changes are periodically added to the information herein; these changes will be
                 incorporated in new editions of the publication and/or website. Unicode may make improvements
                 and/or changes in the product(s) and/or program(s) described in this publication and/or
                 website at any time.
            </item>
               <item>
                  <bullet>2.</bullet>
              If this file has been purchased on magnetic or optical media from Unicode, Inc. the sole and
                 exclusive remedy for any claim will be exchange of the defective media within ninety (90) days
                 of original purchase.
            </item>
               <item>
                  <bullet>3.</bullet>
              EXCEPT AS PROVIDED IN SECTION C.2, THIS PUBLICATION AND/OR SOFTWARE IS PROVIDED "AS IS" WITHOUT
                 WARRANTY OF ANY KIND EITHER EXPRESS, IMPLIED, OR STATUTORY, INCLUDING, BUT NOT LIMITED TO, ANY
                 WARRANTIES OF MERCHANTABILITY, FITNESS FOR A PARTICULAR PURPOSE, OR NON-INFRINGEMENT. UNICODE
                 AND ITS LICENSORS ASSUME NO RESPONSIBILITY FOR ERRORS OR OMISSIONS IN THIS PUBLICATION AND/OR
                 SOFTWARE OR OTHER DOCUMENTS WHICH ARE REFERENCED BY OR LINKED TO THIS PUBLICATION OR THE
                 UNICODE WEBSITE.
            </item>
            </list>
        </item> 
        <item>
            <bullet>D.</bullet>
          Waiver of Damages. In no event shall Unicode or its licensors be liable for any special,
             incidental, indirect or consequential damages of any kind, or any damages whatsoever, whether
             or not Unicode was advised of the possibility of the damage, including, without limitation,
             those resulting from the following: loss of use, data or profits, in connection with the use,
             modification or distribution of this information or its derivatives.
        </item>
        <item>
            <bullet>E.</bullet>
          Trademarks &amp; Logos.
          <list>
               <item>
                  <bullet>1.</bullet>
              The Unicode Word Mark and the Unicode Logo are trademarks of Unicode, Inc. “The Unicode
                 Consortium” and “Unicode, Inc.” are trade names of Unicode, Inc. Use of the information and
                 materials found on this website indicates your acknowledgement of Unicode, Inc.’s exclusive
                 worldwide rights in the Unicode Word Mark, the Unicode Logo, and the Unicode trade names.
            </item>
               <item>
                  <bullet>2.</bullet>
              The Unicode Consortium Name and Trademark Usage Policy (“Trademark Policy”) are incorporated
                 herein by reference and you agree to abide by the provisions of the Trademark Policy, which
                 may be changed from time to time in the sole discretion of Unicode, Inc.
            </item>
               <item>
                  <bullet>3.</bullet>
              All third party trademarks referenced herein are the property of their respective owners.
            </item>
            </list>
        </item>
        <item>
            <bullet>F.</bullet>
          Miscellaneous.
          <list>
               <item>
                  <bullet>1.</bullet>
              Jurisdiction and Venue. This server is operated from a location in the State of California,
                 United States of America. Unicode makes no representation that the materials are appropriate
                 for use in other locations. If you access this server from other locations, you are
                 responsible for compliance with local laws. This Agreement, all use of this site and any
                 claims and damages resulting from use of this site are governed solely by the laws of the
                 State of California without regard to any principles which would apply the laws of a different
                 jurisdiction. The user agrees that any disputes regarding this site shall be resolved solely
                 in the courts located in Santa Clara County, California. The user agrees said courts have
                 personal jurisdiction and agree to waive any right to transfer the dispute to any other
                 forum.
            </item>
               <item>
                  <bullet>2.</bullet>
              Modification by Unicode Unicode shall have the right to modify this Agreement at any time by
                 posting it to this site. The user may not assign any part of this Agreement without Unicode’s
                 prior written consent.
            </item>
               <item>
                  <bullet>3.</bullet>
              Taxes. The user agrees to pay any taxes arising from access to this website or use of the
                 information herein, except for those based on Unicode’s net income.
            </item>
               <item>
                  <bullet>4.</bullet>
              Severability. If any provision of this Agreement is declared invalid or unenforceable, the
                 remaining provisions of this Agreement shall remain in effect.
            </item>
               <item>
                  <bullet>5.</bullet>
              Entire Agreement. This Agreement constitutes the entire agreement between the parties.
            </item>
            </list>
         </item>
      </list>
    </text>
  </license>
</SPDXLicenseCollection>