<?xml version="1.0" encoding="UTF-8"?>
<SPDXLicenseCollection xmlns="http://www.spdx.org/license">
   <license isOsiApproved="true" licenseId="UPL-1.0"
            name="Universal Permissive License v1.0">
      <crossRefs>
         <crossRef>http://opensource.org/licenses/UPL</crossRef>
      </crossRefs>
    <text>
      <copyrightText>
         <p>Copyright (c) [year] [copyright holders]</p>
      </copyrightText>
      <titleText>
         <p>The Universal Permissive License (UPL), Version 1.0</p>
      </titleText>
    
      <p>Subject to the condition set forth below, permission is hereby granted to any person obtaining a copy of
         this software, associated documentation and/or data (collectively the "Software"), free of charge and
         under any and all copyright rights in the Software, and any and all patent rights owned or freely
         licensable by each licensor hereunder covering either (i) the unmodified Software as contributed to or
         provided by such licensor, or (ii) the Larger Works (as defined below), to deal in both</p>
      <list>
        <item>
            <bullet>(a)</bullet>
          the Software, and
        </item>
        <item>
            <bullet>(b)</bullet>
          any piece of software and/or hardware listed in the lrgrwrks.txt file if one is included with the
             Software (each a “Larger Work” to which the Software is contributed by such licensors),
        </item>
      </list>
      <p>without restriction, including without limitation the rights to copy, create derivative works of,
         display, perform, and distribute the Software and make, use, sell, offer for sale, import, export,
         have made, and have sold the Software and the Larger Work(s), and to sublicense the foregoing rights
         on either these or other terms.</p>
      <p>This license is subject to the following condition:</p>
      <p>The above copyright notice and either this complete permission notice or at a minimum a reference to the
         UPL must be included in all copies or substantial portions of the Software.</p>
      <p>THE SOFTWARE IS PROVIDED "AS IS", WITHOUT WARRANTY OF ANY KIND, EXPRESS OR IMPLIED, INCLUDING BUT NOT
         LIMITED TO THE WARRANTIES OF MERCHANTABILITY, FITNESS FOR A PARTICULAR PURPOSE AND NONINFRINGEMENT. IN
         NO EVENT SHALL THE AUTHORS OR COPYRIGHT HOLDERS BE LIABLE FOR ANY CLAIM, DAMAGES OR OTHER LIABILITY,
         WHETHER IN AN ACTION OF CONTRACT, TORT OR OTHERWISE, ARISING FROM, OUT OF OR IN CONNECTION WITH THE
         SOFTWARE OR THE USE OR OTHER DEALINGS IN THE SOFTWARE.</p>
    </text>
  </license>
</SPDXLicenseCollection>
