<?xml version="1.0" encoding="UTF-8"?>
<SPDXLicenseCollection xmlns="http://www.spdx.org/license">
   <license isOsiApproved="true" licenseId="W3C"
            name="W3C Software Notice and License (2002-12-31)">
      <crossRefs>
         <crossRef>http://www.w3.org/Consortium/Legal/2002/copyright-software-20021231.html</crossRef>
         <crossRef>http://www.opensource.org/licenses/W3C</crossRef>
      </crossRefs>
      <standardLicenseHeader>
         <copyrightText>Copyright (C) <alt match=".+" name="year">[$date-of-software]</alt> World Wide Web Consortium, 
    (Massachusetts Institute of Technology, European Research Consortium for Informatics and Mathematics, Keio 
    University). All Rights Reserved.</copyrightText>
         <p>This work is distributed under the W3C® Software License in the hope that it will be useful, but WITHOUT ANY
    WARRANTY; without even the implied warranty of MERCHANTABILITY or FITNESS FOR A PARTICULAR PURPOSE.</p>
      </standardLicenseHeader>
      <notes>This license was released: 13 December 2002. The standard header is provided via a link from the original
         license page.</notes>
    <text>
      <titleText>
         <p>W3C SOFTWARE NOTICE AND LICENSE</p>
      </titleText>
    
      <p>This work (and included software, documentation such as READMEs, or other related items) is being
         provided by the copyright holders under the following license.</p>
      <p>License</p>
      <p>By obtaining, using and/or copying this work, you (the licensee) agree that you have read, understood,
         and will comply with the following terms and conditions.</p>
      <p>Permission to copy, modify, and distribute this software and its documentation, with or without
         modification, for any purpose and without fee or royalty is hereby granted, provided that you include
         the following on ALL copies of the software and documentation or portions thereof, including
         modifications:</p>
      <p>The full text of this NOTICE in a location viewable to users of the redistributed or derivative work.</p>
      <p>Any pre-existing intellectual property disclaimers, notices, or terms and conditions. If none exist, the
         W3C Software Short Notice should be included (hypertext is preferred, text is permitted) within the
         body of any redistributed or derivative code.</p>
      <p>Notice of any changes or modifications to the files, including the date changes were made. (We recommend
         you provide URIs to the location from which the code is derived.)</p>
      <p>Disclaimers</p>
      <p>THIS SOFTWARE AND DOCUMENTATION IS PROVIDED "AS IS," AND COPYRIGHT HOLDERS MAKE NO REPRESENTATIONS OR
         WARRANTIES, EXPRESS OR IMPLIED, INCLUDING BUT NOT LIMITED TO, WARRANTIES OF MERCHANTABILITY OR FITNESS
         FOR ANY PARTICULAR PURPOSE OR THAT THE USE OF THE SOFTWARE OR DOCUMENTATION WILL NOT INFRINGE ANY
         THIRD PARTY PATENTS, COPYRIGHTS, TRADEMARKS OR OTHER RIGHTS.</p>
      <p>COPYRIGHT HOLDERS WILL NOT BE LIABLE FOR ANY DIRECT, INDIRECT, SPECIAL OR CONSEQUENTIAL DAMAGES ARISING
         OUT OF ANY USE OF THE SOFTWARE OR DOCUMENTATION.</p>
      <p>The name and trademarks of copyright holders may NOT be used in advertising or publicity pertaining to
         the software without specific, written prior permission. Title to copyright in this software and any
         associated documentation will at all times remain with copyright holders.</p>
    
      <optional>
         <p>Notes</p>
         <p>This version: http://www.w3.org/Consortium/Legal/2002/copyright-software-20021231</p>
         <p>This formulation of W3C's notice and license became active on December 31 2002. This version removes the
         copyright ownership notice such that this license can be used with materials other than those owned by
         the W3C, reflects that ERCIM is now a host of the W3C, includes references to this specific dated
         version of the license, and removes the ambiguous grant of "use". Otherwise, this version is the same
         as the previous version and is written so as to preserve the Free Software Foundation's assessment of
         GPL compatibility and OSI's certification under the Open Source Definition.</p>
      </optional>
    </text>
  </license>
</SPDXLicenseCollection>