<?xml version="1.0" encoding="UTF-8"?>
<SPDXLicenseCollection xmlns="http://www.spdx.org/license">
   <license isOsiApproved="false" licenseId="Wsuipa" name="Wsuipa License">
      <crossRefs>
         <crossRef>https://fedoraproject.org/wiki/Licensing/Wsuipa</crossRef>
      </crossRefs>
    <text>
      <optional>
         <p>This file was added by Clea F. Rees on 2008/11/30 with the permission of Dean Guenther and pointers to
         this file were added to all source files.</p>
      </optional>
    
      <p>Unlimited copying and redistribution of each of the files is permitted as long as the file is not
         modified. Modifications, and redistribution of modified versions, are also permitted, but only if the
         resulting file is renamed.</p>
    
      <copyrightText>
         <p>The copyright holder is Washington State University. The original author of the fonts is Janene Winter.
         The primary contact (as of 2008) is Dean Guenther.</p>
      </copyrightText>
    </text>
  </license>
</SPDXLicenseCollection>