<?xml version="1.0" encoding="UTF-8"?>
<SPDXLicenseCollection xmlns="http://www.spdx.org/license">
   <license isOsiApproved="false" licenseId="X11" name="X11 License">
      <crossRefs>
         <crossRef>http://www.xfree86.org/3.3.6/COPYRIGHT2.html#3</crossRef>
      </crossRefs>
      <notes>This is same as MIT, but with no advertising clause added.</notes>
    <text>
      <titleText>
         <p>X11 License</p>
      </titleText>
      <copyrightText>
         <p>Copyright (C) 1996 X Consortium</p>
      </copyrightText>
    
      <p>Permission is hereby granted, free of charge, to any person obtaining a copy of this software and
         associated documentation files (the "Software"), to deal in the Software without restriction,
         including without limitation the rights to use, copy, modify, merge, publish, distribute, sublicense,
         and/or sell copies of the Software, and to permit persons to whom the Software is furnished to do so,
         subject to the following conditions:</p>
      <p>The above copyright notice and this permission notice shall be included in all copies or substantial
         portions of the Software.</p>
      <p>THE SOFTWARE IS PROVIDED "AS IS", WITHOUT WARRANTY OF ANY KIND, EXPRESS OR IMPLIED, INCLUDING BUT NOT
         LIMITED TO THE WARRANTIES OF MERCHANTABILITY, FITNESS FOR A PARTICULAR PURPOSE AND NONINFRINGEMENT. IN
         NO EVENT SHALL THE X CONSORTIUM BE LIABLE FOR ANY CLAIM, DAMAGES OR OTHER LIABILITY, WHETHER IN AN
         ACTION OF CONTRACT, TORT OR OTHERWISE, ARISING FROM, OUT OF OR IN CONNECTION WITH THE SOFTWARE OR THE
         USE OR OTHER DEALINGS IN THE SOFTWARE.</p>
      <p>Except as contained in this notice, the name of the X Consortium shall not be used in advertising or
         otherwise to promote the sale, use or other dealings in this Software without prior written
         authorization from the X Consortium.</p>
      <p>X Window System is a trademark of X Consortium, Inc.</p>
    </text>
  </license>
</SPDXLicenseCollection>