<?xml version="1.0" encoding="UTF-8"?>
<SPDXLicenseCollection xmlns="http://www.spdx.org/license">
   <license isOsiApproved="false" licenseId="xinetd" name="xinetd License">
      <crossRefs>
         <crossRef>https://fedoraproject.org/wiki/Licensing/Xinetd_License</crossRef>
      </crossRefs>
    <text>
      <optional>
         <p>ORIGINAL LICENSE: This software is</p>
      </optional>
      <copyrightText>
         <p>(c) Copyright 1992 by Panagiotis Tsirigotis</p>
      </copyrightText>
      <p>The author (Panagiotis Tsirigotis) grants permission to use, copy, and distribute this software and its
         documentation for any purpose and without fee, provided that the above copyright notice extant in
         files in this distribution is not removed from files included in any redistribution and that this
         copyright notice is also included in any redistribution.</p>
      <p>Modifications to this software may be distributed, either by distributing the modified software or by
         distributing patches to the original software, under the following additional terms:</p>
      <list>
        <item>
            <bullet>1.</bullet>
          The version number will be modified as follows:
          <list>
               <item>
                  <bullet>a.</bullet>
              The first 3 components of the version number (i.e &lt;number&gt;.&lt;number&gt;.&lt;number&gt;)
                 will remain unchanged.
            </item>
               <item>
                  <bullet>b.</bullet>
              A new component will be appended to the version number to indicate the modification level. The
                 form of this component is up to the author of the modifications.
            </item>
            </list>
        </item>
        <item>
            <bullet>2.</bullet>
          The author of the modifications will include his/her name by appending it along with the new
             version number to this file and will be responsible for any wrong behavior of the modified
             software.
        </item>
      </list>
        <p>The author makes no representations about the suitability of this software for any purpose. It is
           provided "as is" without any express or implied warranty.</p>
        <p>Modifications: Version: 2.1.8.7-current Copyright 1998-2001 by Rob Braun</p>
        <p>Sensor Addition Version: 2.1.8.9pre14a Copyright 2001 by Steve Grubb</p>
        <p>This is an exerpt from an email I recieved from the original author, allowing xinetd as maintained by me
           (Rob Braun), to use the higher version numbers:</p>
        <p>I appreciate your maintaining the version string guidelines as specified in the copyright. But I did not
           mean them to last as long as they did.</p>
        <p>So, if you want, you may use any 2.N.* (N &gt;= 3) version string for future xinetd versions that you
           release. Note that I am excluding the 2.2.* line; using that would only create confusion. Naming the
           next release 2.3.0 would put to rest the confusion about 2.2.1 and 2.1.8.*.</p>
    </text>
  </license>
</SPDXLicenseCollection>