<?xml version="1.0" encoding="UTF-8"?>
<SPDXLicenseCollection xmlns="http://www.spdx.org/license">
   <license isOsiApproved="false" licenseId="ZPL-1.1" name="Zope Public License 1.1">
      <crossRefs>
         <crossRef>http://old.zope.org/Resources/License/ZPL-1.1</crossRef>
      </crossRefs>
    <text>
      <titleText>
         <p>Zope Public License (ZPL) Version 1.1</p>
      </titleText>
      <copyrightText>
         <p>Copyright (c) Zope Corporation. All rights reserved.</p>
      </copyrightText>
      <optional>
         <p>This license has been certified as open source.</p>
      </optional>
    
      <p>Redistribution and use in source and binary forms, with or without modification, are permitted provided
         that the following conditions are met:</p>
      <list>
        <item>
            <bullet>1.</bullet>
          Redistributions in source code must retain the above copyright notice, this list of conditions,
             and the following disclaimer.
        </item>
        <item>
            <bullet>2.</bullet>
          Redistributions in binary form must reproduce the above copyright notice, this list of
             conditions, and the following disclaimer in the documentation and/or other materials provided
             with the distribution.
        </item>
        <item>
            <bullet>3.</bullet>
          All advertising materials and documentation mentioning features derived from or use of this
             software must display the following acknowledgement:
          <p>"This product includes software developed by Zope Corporation for use in the Z Object Publishing
             Environment (http://www.zope.com/)."</p>
            <p>In the event that the product being advertised includes an intact Zope distribution (with
             copyright and license included) then this clause is waived.</p>
        </item>
        <item>
            <bullet>4.</bullet>
          Names associated with Zope or Zope Corporation must not be used to endorse or promote products
             derived from this software without prior written permission from Zope Corporation.
        </item>
        <item>
            <bullet>5.</bullet>
          Modified redistributions of any form whatsoever must retain the following acknowledgment:
          <p>"This product includes software developed by Zope Corporation for use in the Z Object Publishing
             Environment (http://www.zope.com/)."</p>
            <p>Intact (re-)distributions of any official Zope release do not require an external acknowledgement.</p>
        </item>
        <item>
            <bullet>6.</bullet>
          Modifications are encouraged but must be packaged separately as patches to official Zope
             releases. Distributions that do not clearly separate the patches from the original work must
             be clearly labeled as unofficial distributions. Modifications which do not carry the name Zope
             may be packaged in any form, as long as they conform to all of the clauses above.
        </item>
      </list>
      <p>Disclaimer</p>
      <p>THIS SOFTWARE IS PROVIDED BY ZOPE CORPORATION ``AS IS'' AND ANY EXPRESSED OR IMPLIED WARRANTIES,
         INCLUDING, BUT NOT LIMITED TO, THE IMPLIED WARRANTIES OF MERCHANTABILITY AND FITNESS FOR A PARTICULAR
         PURPOSE ARE DISCLAIMED. IN NO EVENT SHALL ZOPE CORPORATION OR ITS CONTRIBUTORS BE LIABLE FOR ANY
         DIRECT, INDIRECT, INCIDENTAL, SPECIAL, EXEMPLARY, OR CONSEQUENTIAL DAMAGES (INCLUDING, BUT NOT LIMITED
         TO, PROCUREMENT OF SUBSTITUTE GOODS OR SERVICES; LOSS OF USE, DATA, OR PROFITS; OR BUSINESS
         INTERRUPTION) HOWEVER CAUSED AND ON ANY THEORY OF LIABILITY, WHETHER IN CONTRACT, STRICT LIABILITY, OR
         TORT (INCLUDING NEGLIGENCE OR OTHERWISE) ARISING IN ANY WAY OUT OF THE USE OF THIS SOFTWARE, EVEN IF
         ADVISED OF THE POSSIBILITY OF SUCH DAMAGE.</p>
    
      <optional>
         <p>This software consists of contributions made by Zope Corporation and many individuals on behalf of Zope
         Corporation. Specific attributions are listed in the accompanying credits file.</p>
      </optional>
    </text>
  </license>
</SPDXLicenseCollection>