<?xml version="1.0" encoding="UTF-8"?>
<SPDXLicenseCollection xmlns="http://www.spdx.org/license">
   <license isOsiApproved="true" licenseId="ZPL-2.0" name="Zope Public License 2.0">
      <crossRefs>
         <crossRef>http://old.zope.org/Resources/License/ZPL-2.0</crossRef>
         <crossRef>http://opensource.org/licenses/ZPL-2.0</crossRef>
      </crossRefs>
    <text>
      <titleText>
         <p>Zope Public License (ZPL) Version 2.0</p>
      </titleText>
      <copyrightText>
         <p>This software is Copyright (c) Zope Corporation (tm) and Contributors. All rights reserved.</p>
      </copyrightText>
      <optional>
         <p>This license has been certified as open source. It has also been designated as GPL compatible by the Free
         Software Foundation (FSF).</p>
      </optional>
    
      <p>Redistribution and use in source and binary forms, with or without modification, are permitted provided
         that the following conditions are met:</p>
      <list>
        <item>
            <bullet>1.</bullet>
          Redistributions in source code must retain the above copyright notice, this list of conditions,
             and the following disclaimer.
        </item>
        <item>
            <bullet>2.</bullet>
          Redistributions in binary form must reproduce the above copyright notice, this list of
             conditions, and the following disclaimer in the documentation and/or other materials provided
             with the distribution.
        </item>
        <item>
            <bullet>3.</bullet>
          The name Zope Corporation (tm) must not be used to endorse or promote products derived from this
             software without prior written permission from Zope Corporation.
        </item>
        <item>
            <bullet>4.</bullet>
          The right to distribute this software or to use it for any purpose does not give you the right to
             use Servicemarks (sm) or Trademarks (tm) of Zope Corporation. Use of them is covered in a
             separate agreement (see http://www.zope.com/Marks).
        </item>
        <item>
            <bullet>5.</bullet>
          If any files are modified, you must cause the modified files to carry prominent notices stating
             that you changed the files and the date of any change.
        </item>
      </list>
      <p>Disclaimer</p>
      <p>THIS SOFTWARE IS PROVIDED BY ZOPE CORPORATION ``AS IS'' AND ANY EXPRESSED OR IMPLIED WARRANTIES,
         INCLUDING, BUT NOT LIMITED TO, THE IMPLIED WARRANTIES OF MERCHANTABILITY AND FITNESS FOR A PARTICULAR
         PURPOSE ARE DISCLAIMED. IN NO EVENT SHALL ZOPE CORPORATION OR ITS CONTRIBUTORS BE LIABLE FOR ANY
         DIRECT, INDIRECT, INCIDENTAL, SPECIAL, EXEMPLARY, OR CONSEQUENTIAL DAMAGES (INCLUDING, BUT NOT LIMITED
         TO, PROCUREMENT OF SUBSTITUTE GOODS OR SERVICES; LOSS OF USE, DATA, OR PROFITS; OR BUSINESS
         INTERRUPTION) HOWEVER CAUSED AND ON ANY THEORY OF LIABILITY, WHETHER IN CONTRACT, STRICT LIABILITY, OR
         TORT (INCLUDING NEGLIGENCE OR OTHERWISE) ARISING IN ANY WAY OUT OF THE USE OF THIS SOFTWARE, EVEN IF
         ADVISED OF THE POSSIBILITY OF SUCH DAMAGE.</p>
    
      <optional>
         <p>This software consists of contributions made by Zope Corporation and many individuals on behalf of Zope
         Corporation. Specific attributions are listed in the accompanying credits file.</p>
      </optional>
    </text>
  </license>
</SPDXLicenseCollection>